ID:ID,NODE_TYPE,DATA,EXTRA,:LABEL
VMR_7_1,RESOURCE,VMR,"{""va"": ""0x2f400000"", ""vmr_type"": ""STACK"", ""num_pages"": ""17"", ""page_size"": ""4096""}",RESOURCE
MO_4_1,RESOURCE,MO,"{""pa"": ""0x0"", ""num_pages"": ""16"", ""page_size"": ""4096""}",RESOURCE
VMR_7_2,RESOURCE,VMR,"{""va"": ""0x10000000"", ""vmr_type"": ""UNKNOWN"", ""num_pages"": ""128000"", ""page_size"": ""4096""}",RESOURCE
MO_4_2,RESOURCE,MO,"{""pa"": ""0x0"", ""num_pages"": ""0"", ""page_size"": ""4096""}",RESOURCE
VMR_7_3,RESOURCE,VMR,"{""va"": ""0x2f425000"", ""vmr_type"": ""GENERIC"", ""num_pages"": ""1"", ""page_size"": ""4096""}",RESOURCE
MO_4_3,RESOURCE,MO,"{""pa"": ""0x6000f000"", ""num_pages"": ""1"", ""page_size"": ""4096""}",RESOURCE
VMR_7_6,RESOURCE,VMR,"{""va"": ""0x2f486000"", ""vmr_type"": ""GENERIC"", ""num_pages"": ""1"", ""page_size"": ""4096""}",RESOURCE
MO_4_8,RESOURCE,MO,"{""pa"": ""0x749f2000"", ""num_pages"": ""1"", ""page_size"": ""4096""}",RESOURCE
VMR_7_9,RESOURCE,VMR,"{""va"": ""0x2f494000"", ""vmr_type"": ""GENERIC"", ""num_pages"": ""1"", ""page_size"": ""4096""}",RESOURCE
MO_4_f,RESOURCE,MO,"{""pa"": ""0x75429000"", ""num_pages"": ""1"", ""page_size"": ""4096""}",RESOURCE
VMR_7_c,RESOURCE,VMR,"{""va"": ""0x2f49e000"", ""vmr_type"": ""GENERIC"", ""num_pages"": ""1"", ""page_size"": ""4096""}",RESOURCE
MO_4_17,RESOURCE,MO,"{""pa"": ""0x755ee000"", ""num_pages"": ""1"", ""page_size"": ""4096""}",RESOURCE
VMR_7_f,RESOURCE,VMR,"{""va"": ""0x2f4a8000"", ""vmr_type"": ""GENERIC"", ""num_pages"": ""1"", ""page_size"": ""4096""}",RESOURCE
MO_4_1e,RESOURCE,MO,"{""pa"": ""0x757b0000"", ""num_pages"": ""1"", ""page_size"": ""4096""}",RESOURCE
VMR_7_12,RESOURCE,VMR,"{""va"": ""0x2f4b2000"", ""vmr_type"": ""GENERIC"", ""num_pages"": ""1"", ""page_size"": ""4096""}",RESOURCE
MO_4_25,RESOURCE,MO,"{""pa"": ""0x76655000"", ""num_pages"": ""1"", ""page_size"": ""4096""}",RESOURCE
VMR_8_1,RESOURCE,VMR,"{""va"": ""0x400000"", ""vmr_type"": ""ELF_CODE"", ""num_pages"": ""556"", ""page_size"": ""4096""}",RESOURCE
MO_4_4,RESOURCE,MO,"{""pa"": ""0x7fd8a000"", ""num_pages"": ""556"", ""page_size"": ""4096""}",RESOURCE
VMR_8_2,RESOURCE,VMR,"{""va"": ""0x62c000"", ""vmr_type"": ""ELF_DATA"", ""num_pages"": ""22615"", ""page_size"": ""4096""}",RESOURCE
MO_4_5,RESOURCE,MO,"{""pa"": ""0x7ffa4000"", ""num_pages"": ""22615"", ""page_size"": ""4096""}",RESOURCE
VMR_8_3,RESOURCE,VMR,"{""va"": ""0x10000000"", ""vmr_type"": ""SHARED_FRAMES"", ""num_pages"": ""1"", ""page_size"": ""4096""}",RESOURCE
VMR_8_4,RESOURCE,VMR,"{""va"": ""0x10001000"", ""vmr_type"": ""IPC_BUF"", ""num_pages"": ""1"", ""page_size"": ""4096""}",RESOURCE
MO_4_6,RESOURCE,MO,"{""pa"": ""0x749e0000"", ""num_pages"": ""1"", ""page_size"": ""4096""}",RESOURCE
VMR_8_5,RESOURCE,VMR,"{""va"": ""0x10002000"", ""vmr_type"": ""STACK"", ""num_pages"": ""17"", ""page_size"": ""4096""}",RESOURCE
MO_4_7,RESOURCE,MO,"{""pa"": ""0x749e1000"", ""num_pages"": ""16"", ""page_size"": ""4096""}",RESOURCE
VMR_8_6,RESOURCE,VMR,"{""va"": ""0x10013000"", ""vmr_type"": ""SHARED_FRAMES"", ""num_pages"": ""1"", ""page_size"": ""4096""}",RESOURCE
MO_4_16,RESOURCE,MO,"{""pa"": ""0x755ed000"", ""num_pages"": ""1"", ""page_size"": ""4096""}",RESOURCE
VCPU_5_1,RESOURCE,VCPU,,RESOURCE
PCPU_1_0,RESOURCE,PCPU,,RESOURCE
VCPU_5_2,RESOURCE,VCPU,,RESOURCE
VMR_9_1,RESOURCE,VMR,"{""va"": ""0x10000000"", ""vmr_type"": ""OSM_DATA"", ""num_pages"": ""1"", ""page_size"": ""4096""}",RESOURCE
VMR_9_2,RESOURCE,VMR,"{""va"": ""0x400000"", ""vmr_type"": ""ELF_CODE"", ""num_pages"": ""200"", ""page_size"": ""4096""}",RESOURCE
MO_4_9,RESOURCE,MO,"{""pa"": ""0x749fd000"", ""num_pages"": ""200"", ""page_size"": ""4096""}",RESOURCE
VMR_9_3,RESOURCE,VMR,"{""va"": ""0x4c8000"", ""vmr_type"": ""ELF_DATA"", ""num_pages"": ""8"", ""page_size"": ""4096""}",RESOURCE
MO_4_a,RESOURCE,MO,"{""pa"": ""0x74b54000"", ""num_pages"": ""8"", ""page_size"": ""4096""}",RESOURCE
VMR_9_4,RESOURCE,VMR,"{""va"": ""0x5000000000"", ""vmr_type"": ""HEAP"", ""num_pages"": ""100"", ""page_size"": ""4096""}",RESOURCE
MO_4_b,RESOURCE,MO,"{""pa"": ""0x74b5c000"", ""num_pages"": ""100"", ""page_size"": ""4096""}",RESOURCE
VMR_9_5,RESOURCE,VMR,"{""va"": ""0x10001000"", ""vmr_type"": ""STACK"", ""num_pages"": ""17"", ""page_size"": ""4096""}",RESOURCE
MO_4_c,RESOURCE,MO,"{""pa"": ""0x74bcc000"", ""num_pages"": ""16"", ""page_size"": ""4096""}",RESOURCE
VMR_9_6,RESOURCE,VMR,"{""va"": ""0x10012000"", ""vmr_type"": ""IPC_BUF"", ""num_pages"": ""1"", ""page_size"": ""4096""}",RESOURCE
MO_4_d,RESOURCE,MO,"{""pa"": ""0x74bdd000"", ""num_pages"": ""1"", ""page_size"": ""4096""}",RESOURCE
VMR_9_7,RESOURCE,VMR,"{""va"": ""0x10013000"", ""vmr_type"": ""GENERIC"", ""num_pages"": ""1024"", ""page_size"": ""4096""}",RESOURCE
MO_4_e,RESOURCE,MO,"{""pa"": ""0x74bde000"", ""num_pages"": ""1024"", ""page_size"": ""4096""}",RESOURCE
VMR_9_8,RESOURCE,VMR,"{""va"": ""0x10413000"", ""vmr_type"": ""GENERIC"", ""num_pages"": ""1"", ""page_size"": ""4096""}",RESOURCE
MO_4_15,RESOURCE,MO,"{""pa"": ""0x755ec000"", ""num_pages"": ""1"", ""page_size"": ""4096""}",RESOURCE
VMR_9_9,RESOURCE,VMR,"{""va"": ""0x10414000"", ""vmr_type"": ""GENERIC"", ""num_pages"": ""1"", ""page_size"": ""4096""}",RESOURCE
MO_4_1d,RESOURCE,MO,"{""pa"": ""0x757af000"", ""num_pages"": ""1"", ""page_size"": ""4096""}",RESOURCE
BLOCK_a_0,RESOURCE,BLOCK,,RESOURCE
BLOCK_a_1,RESOURCE,BLOCK,,RESOURCE
BLOCK_a_2,RESOURCE,BLOCK,,RESOURCE
BLOCK_a_3,RESOURCE,BLOCK,,RESOURCE
BLOCK_a_4,RESOURCE,BLOCK,,RESOURCE
BLOCK_a_5,RESOURCE,BLOCK,,RESOURCE
BLOCK_a_6,RESOURCE,BLOCK,,RESOURCE
BLOCK_a_7,RESOURCE,BLOCK,,RESOURCE
BLOCK_a_8,RESOURCE,BLOCK,,RESOURCE
BLOCK_a_9,RESOURCE,BLOCK,,RESOURCE
BLOCK_a_a,RESOURCE,BLOCK,,RESOURCE
BLOCK_a_b,RESOURCE,BLOCK,,RESOURCE
BLOCK_a_c,RESOURCE,BLOCK,,RESOURCE
BLOCK_a_d,RESOURCE,BLOCK,,RESOURCE
BLOCK_a_e,RESOURCE,BLOCK,,RESOURCE
BLOCK_a_f,RESOURCE,BLOCK,,RESOURCE
BLOCK_a_10,RESOURCE,BLOCK,,RESOURCE
BLOCK_a_11,RESOURCE,BLOCK,,RESOURCE
BLOCK_a_12,RESOURCE,BLOCK,,RESOURCE
BLOCK_a_13,RESOURCE,BLOCK,,RESOURCE
BLOCK_a_14,RESOURCE,BLOCK,,RESOURCE
BLOCK_a_15,RESOURCE,BLOCK,,RESOURCE
BLOCK_a_16,RESOURCE,BLOCK,,RESOURCE
BLOCK_a_17,RESOURCE,BLOCK,,RESOURCE
BLOCK_a_18,RESOURCE,BLOCK,,RESOURCE
BLOCK_a_19,RESOURCE,BLOCK,,RESOURCE
BLOCK_a_1a,RESOURCE,BLOCK,,RESOURCE
BLOCK_a_1b,RESOURCE,BLOCK,,RESOURCE
BLOCK_a_1c,RESOURCE,BLOCK,,RESOURCE
BLOCK_a_1d,RESOURCE,BLOCK,,RESOURCE
BLOCK_a_1e,RESOURCE,BLOCK,,RESOURCE
BLOCK_a_1f,RESOURCE,BLOCK,,RESOURCE
BLOCK_a_20,RESOURCE,BLOCK,,RESOURCE
BLOCK_a_21,RESOURCE,BLOCK,,RESOURCE
BLOCK_a_22,RESOURCE,BLOCK,,RESOURCE
BLOCK_a_23,RESOURCE,BLOCK,,RESOURCE
BLOCK_a_24,RESOURCE,BLOCK,,RESOURCE
BLOCK_a_25,RESOURCE,BLOCK,,RESOURCE
BLOCK_a_26,RESOURCE,BLOCK,,RESOURCE
BLOCK_a_27,RESOURCE,BLOCK,,RESOURCE
BLOCK_a_28,RESOURCE,BLOCK,,RESOURCE
BLOCK_a_29,RESOURCE,BLOCK,,RESOURCE
BLOCK_a_2a,RESOURCE,BLOCK,,RESOURCE
BLOCK_a_2b,RESOURCE,BLOCK,,RESOURCE
BLOCK_a_2c,RESOURCE,BLOCK,,RESOURCE
BLOCK_a_2d,RESOURCE,BLOCK,,RESOURCE
BLOCK_a_2e,RESOURCE,BLOCK,,RESOURCE
BLOCK_a_2f,RESOURCE,BLOCK,,RESOURCE
BLOCK_a_30,RESOURCE,BLOCK,,RESOURCE
BLOCK_a_31,RESOURCE,BLOCK,,RESOURCE
BLOCK_a_32,RESOURCE,BLOCK,,RESOURCE
BLOCK_a_33,RESOURCE,BLOCK,,RESOURCE
BLOCK_a_34,RESOURCE,BLOCK,,RESOURCE
BLOCK_a_35,RESOURCE,BLOCK,,RESOURCE
BLOCK_a_36,RESOURCE,BLOCK,,RESOURCE
BLOCK_a_37,RESOURCE,BLOCK,,RESOURCE
BLOCK_a_38,RESOURCE,BLOCK,,RESOURCE
BLOCK_a_39,RESOURCE,BLOCK,,RESOURCE
BLOCK_a_3a,RESOURCE,BLOCK,,RESOURCE
BLOCK_a_3b,RESOURCE,BLOCK,,RESOURCE
BLOCK_a_3c,RESOURCE,BLOCK,,RESOURCE
BLOCK_a_3d,RESOURCE,BLOCK,,RESOURCE
BLOCK_a_3e,RESOURCE,BLOCK,,RESOURCE
BLOCK_a_3f,RESOURCE,BLOCK,,RESOURCE
BLOCK_a_40,RESOURCE,BLOCK,,RESOURCE
BLOCK_a_41,RESOURCE,BLOCK,,RESOURCE
BLOCK_a_42,RESOURCE,BLOCK,,RESOURCE
BLOCK_a_43,RESOURCE,BLOCK,,RESOURCE
BLOCK_a_44,RESOURCE,BLOCK,,RESOURCE
BLOCK_a_45,RESOURCE,BLOCK,,RESOURCE
BLOCK_a_46,RESOURCE,BLOCK,,RESOURCE
BLOCK_a_47,RESOURCE,BLOCK,,RESOURCE
BLOCK_a_48,RESOURCE,BLOCK,,RESOURCE
BLOCK_a_49,RESOURCE,BLOCK,,RESOURCE
BLOCK_a_4a,RESOURCE,BLOCK,,RESOURCE
BLOCK_a_4b,RESOURCE,BLOCK,,RESOURCE
BLOCK_a_4c,RESOURCE,BLOCK,,RESOURCE
BLOCK_a_4d,RESOURCE,BLOCK,,RESOURCE
BLOCK_a_4e,RESOURCE,BLOCK,,RESOURCE
BLOCK_a_4f,RESOURCE,BLOCK,,RESOURCE
BLOCK_a_50,RESOURCE,BLOCK,,RESOURCE
BLOCK_a_51,RESOURCE,BLOCK,,RESOURCE
BLOCK_a_52,RESOURCE,BLOCK,,RESOURCE
BLOCK_a_53,RESOURCE,BLOCK,,RESOURCE
BLOCK_a_54,RESOURCE,BLOCK,,RESOURCE
BLOCK_a_55,RESOURCE,BLOCK,,RESOURCE
BLOCK_a_56,RESOURCE,BLOCK,,RESOURCE
BLOCK_a_57,RESOURCE,BLOCK,,RESOURCE
BLOCK_a_58,RESOURCE,BLOCK,,RESOURCE
BLOCK_a_59,RESOURCE,BLOCK,,RESOURCE
BLOCK_a_5a,RESOURCE,BLOCK,,RESOURCE
BLOCK_a_5b,RESOURCE,BLOCK,,RESOURCE
BLOCK_a_5c,RESOURCE,BLOCK,,RESOURCE
BLOCK_a_5d,RESOURCE,BLOCK,,RESOURCE
BLOCK_a_5e,RESOURCE,BLOCK,,RESOURCE
BLOCK_a_5f,RESOURCE,BLOCK,,RESOURCE
BLOCK_a_60,RESOURCE,BLOCK,,RESOURCE
BLOCK_a_61,RESOURCE,BLOCK,,RESOURCE
BLOCK_a_62,RESOURCE,BLOCK,,RESOURCE
BLOCK_a_63,RESOURCE,BLOCK,,RESOURCE
BLOCK_a_64,RESOURCE,BLOCK,,RESOURCE
BLOCK_a_65,RESOURCE,BLOCK,,RESOURCE
BLOCK_a_66,RESOURCE,BLOCK,,RESOURCE
BLOCK_a_67,RESOURCE,BLOCK,,RESOURCE
BLOCK_a_68,RESOURCE,BLOCK,,RESOURCE
BLOCK_a_69,RESOURCE,BLOCK,,RESOURCE
BLOCK_a_6a,RESOURCE,BLOCK,,RESOURCE
BLOCK_a_6b,RESOURCE,BLOCK,,RESOURCE
BLOCK_a_6c,RESOURCE,BLOCK,,RESOURCE
BLOCK_a_6d,RESOURCE,BLOCK,,RESOURCE
BLOCK_a_6e,RESOURCE,BLOCK,,RESOURCE
BLOCK_a_6f,RESOURCE,BLOCK,,RESOURCE
BLOCK_a_70,RESOURCE,BLOCK,,RESOURCE
BLOCK_a_71,RESOURCE,BLOCK,,RESOURCE
BLOCK_a_72,RESOURCE,BLOCK,,RESOURCE
BLOCK_a_73,RESOURCE,BLOCK,,RESOURCE
BLOCK_a_74,RESOURCE,BLOCK,,RESOURCE
BLOCK_a_75,RESOURCE,BLOCK,,RESOURCE
BLOCK_a_76,RESOURCE,BLOCK,,RESOURCE
BLOCK_a_77,RESOURCE,BLOCK,,RESOURCE
BLOCK_a_78,RESOURCE,BLOCK,,RESOURCE
BLOCK_a_79,RESOURCE,BLOCK,,RESOURCE
BLOCK_a_7a,RESOURCE,BLOCK,,RESOURCE
BLOCK_a_7b,RESOURCE,BLOCK,,RESOURCE
BLOCK_a_7c,RESOURCE,BLOCK,,RESOURCE
BLOCK_a_7d,RESOURCE,BLOCK,,RESOURCE
BLOCK_a_7e,RESOURCE,BLOCK,,RESOURCE
BLOCK_a_7f,RESOURCE,BLOCK,,RESOURCE
BLOCK_a_80,RESOURCE,BLOCK,,RESOURCE
BLOCK_a_81,RESOURCE,BLOCK,,RESOURCE
BLOCK_a_82,RESOURCE,BLOCK,,RESOURCE
BLOCK_a_83,RESOURCE,BLOCK,,RESOURCE
BLOCK_a_84,RESOURCE,BLOCK,,RESOURCE
BLOCK_a_85,RESOURCE,BLOCK,,RESOURCE
BLOCK_a_86,RESOURCE,BLOCK,,RESOURCE
BLOCK_a_87,RESOURCE,BLOCK,,RESOURCE
BLOCK_a_88,RESOURCE,BLOCK,,RESOURCE
BLOCK_a_89,RESOURCE,BLOCK,,RESOURCE
BLOCK_a_8a,RESOURCE,BLOCK,,RESOURCE
BLOCK_a_8b,RESOURCE,BLOCK,,RESOURCE
BLOCK_a_8c,RESOURCE,BLOCK,,RESOURCE
BLOCK_a_8d,RESOURCE,BLOCK,,RESOURCE
BLOCK_a_8e,RESOURCE,BLOCK,,RESOURCE
BLOCK_a_8f,RESOURCE,BLOCK,,RESOURCE
BLOCK_a_90,RESOURCE,BLOCK,,RESOURCE
BLOCK_a_91,RESOURCE,BLOCK,,RESOURCE
BLOCK_a_92,RESOURCE,BLOCK,,RESOURCE
BLOCK_a_93,RESOURCE,BLOCK,,RESOURCE
BLOCK_a_94,RESOURCE,BLOCK,,RESOURCE
BLOCK_a_95,RESOURCE,BLOCK,,RESOURCE
BLOCK_a_96,RESOURCE,BLOCK,,RESOURCE
BLOCK_a_97,RESOURCE,BLOCK,,RESOURCE
BLOCK_a_98,RESOURCE,BLOCK,,RESOURCE
BLOCK_a_99,RESOURCE,BLOCK,,RESOURCE
BLOCK_a_9a,RESOURCE,BLOCK,,RESOURCE
BLOCK_a_9b,RESOURCE,BLOCK,,RESOURCE
BLOCK_a_9c,RESOURCE,BLOCK,,RESOURCE
BLOCK_a_9d,RESOURCE,BLOCK,,RESOURCE
BLOCK_a_9e,RESOURCE,BLOCK,,RESOURCE
BLOCK_a_9f,RESOURCE,BLOCK,,RESOURCE
BLOCK_a_a0,RESOURCE,BLOCK,,RESOURCE
BLOCK_a_a1,RESOURCE,BLOCK,,RESOURCE
BLOCK_a_a2,RESOURCE,BLOCK,,RESOURCE
BLOCK_a_a3,RESOURCE,BLOCK,,RESOURCE
BLOCK_a_a4,RESOURCE,BLOCK,,RESOURCE
BLOCK_a_a5,RESOURCE,BLOCK,,RESOURCE
BLOCK_a_a6,RESOURCE,BLOCK,,RESOURCE
BLOCK_a_a7,RESOURCE,BLOCK,,RESOURCE
BLOCK_a_a8,RESOURCE,BLOCK,,RESOURCE
BLOCK_a_a9,RESOURCE,BLOCK,,RESOURCE
BLOCK_a_aa,RESOURCE,BLOCK,,RESOURCE
BLOCK_a_ab,RESOURCE,BLOCK,,RESOURCE
BLOCK_a_ac,RESOURCE,BLOCK,,RESOURCE
BLOCK_a_ad,RESOURCE,BLOCK,,RESOURCE
BLOCK_a_ae,RESOURCE,BLOCK,,RESOURCE
BLOCK_a_af,RESOURCE,BLOCK,,RESOURCE
BLOCK_a_b0,RESOURCE,BLOCK,,RESOURCE
BLOCK_a_b1,RESOURCE,BLOCK,,RESOURCE
BLOCK_a_b2,RESOURCE,BLOCK,,RESOURCE
BLOCK_a_b3,RESOURCE,BLOCK,,RESOURCE
BLOCK_a_b4,RESOURCE,BLOCK,,RESOURCE
BLOCK_a_b5,RESOURCE,BLOCK,,RESOURCE
BLOCK_a_b6,RESOURCE,BLOCK,,RESOURCE
BLOCK_a_b7,RESOURCE,BLOCK,,RESOURCE
BLOCK_a_b8,RESOURCE,BLOCK,,RESOURCE
BLOCK_a_b9,RESOURCE,BLOCK,,RESOURCE
BLOCK_a_ba,RESOURCE,BLOCK,,RESOURCE
BLOCK_a_bb,RESOURCE,BLOCK,,RESOURCE
BLOCK_a_bc,RESOURCE,BLOCK,,RESOURCE
BLOCK_a_bd,RESOURCE,BLOCK,,RESOURCE
BLOCK_a_be,RESOURCE,BLOCK,,RESOURCE
BLOCK_a_bf,RESOURCE,BLOCK,,RESOURCE
BLOCK_a_c0,RESOURCE,BLOCK,,RESOURCE
BLOCK_a_c1,RESOURCE,BLOCK,,RESOURCE
BLOCK_a_c2,RESOURCE,BLOCK,,RESOURCE
BLOCK_a_c3,RESOURCE,BLOCK,,RESOURCE
BLOCK_a_c4,RESOURCE,BLOCK,,RESOURCE
BLOCK_a_c5,RESOURCE,BLOCK,,RESOURCE
BLOCK_a_c6,RESOURCE,BLOCK,,RESOURCE
BLOCK_a_c7,RESOURCE,BLOCK,,RESOURCE
BLOCK_a_c8,RESOURCE,BLOCK,,RESOURCE
BLOCK_a_c9,RESOURCE,BLOCK,,RESOURCE
BLOCK_a_ca,RESOURCE,BLOCK,,RESOURCE
BLOCK_a_cb,RESOURCE,BLOCK,,RESOURCE
BLOCK_a_cc,RESOURCE,BLOCK,,RESOURCE
BLOCK_a_cd,RESOURCE,BLOCK,,RESOURCE
BLOCK_a_ce,RESOURCE,BLOCK,,RESOURCE
BLOCK_a_cf,RESOURCE,BLOCK,,RESOURCE
BLOCK_a_d0,RESOURCE,BLOCK,,RESOURCE
BLOCK_a_d1,RESOURCE,BLOCK,,RESOURCE
BLOCK_a_d2,RESOURCE,BLOCK,,RESOURCE
BLOCK_a_d3,RESOURCE,BLOCK,,RESOURCE
BLOCK_a_d4,RESOURCE,BLOCK,,RESOURCE
BLOCK_a_d5,RESOURCE,BLOCK,,RESOURCE
BLOCK_a_d6,RESOURCE,BLOCK,,RESOURCE
BLOCK_a_d7,RESOURCE,BLOCK,,RESOURCE
BLOCK_a_d8,RESOURCE,BLOCK,,RESOURCE
BLOCK_a_d9,RESOURCE,BLOCK,,RESOURCE
BLOCK_a_da,RESOURCE,BLOCK,,RESOURCE
BLOCK_a_db,RESOURCE,BLOCK,,RESOURCE
BLOCK_a_dc,RESOURCE,BLOCK,,RESOURCE
BLOCK_a_dd,RESOURCE,BLOCK,,RESOURCE
BLOCK_a_de,RESOURCE,BLOCK,,RESOURCE
BLOCK_a_df,RESOURCE,BLOCK,,RESOURCE
BLOCK_a_e0,RESOURCE,BLOCK,,RESOURCE
BLOCK_a_e1,RESOURCE,BLOCK,,RESOURCE
BLOCK_a_e2,RESOURCE,BLOCK,,RESOURCE
BLOCK_a_e3,RESOURCE,BLOCK,,RESOURCE
BLOCK_a_e4,RESOURCE,BLOCK,,RESOURCE
BLOCK_a_e5,RESOURCE,BLOCK,,RESOURCE
BLOCK_a_e6,RESOURCE,BLOCK,,RESOURCE
BLOCK_a_e7,RESOURCE,BLOCK,,RESOURCE
BLOCK_a_e8,RESOURCE,BLOCK,,RESOURCE
BLOCK_a_e9,RESOURCE,BLOCK,,RESOURCE
BLOCK_a_ea,RESOURCE,BLOCK,,RESOURCE
BLOCK_a_eb,RESOURCE,BLOCK,,RESOURCE
BLOCK_a_ec,RESOURCE,BLOCK,,RESOURCE
BLOCK_a_ed,RESOURCE,BLOCK,,RESOURCE
BLOCK_a_ee,RESOURCE,BLOCK,,RESOURCE
BLOCK_a_ef,RESOURCE,BLOCK,,RESOURCE
BLOCK_a_f0,RESOURCE,BLOCK,,RESOURCE
BLOCK_a_f1,RESOURCE,BLOCK,,RESOURCE
BLOCK_a_f2,RESOURCE,BLOCK,,RESOURCE
BLOCK_a_f3,RESOURCE,BLOCK,,RESOURCE
BLOCK_a_f4,RESOURCE,BLOCK,,RESOURCE
BLOCK_a_f5,RESOURCE,BLOCK,,RESOURCE
BLOCK_a_f6,RESOURCE,BLOCK,,RESOURCE
BLOCK_a_f7,RESOURCE,BLOCK,,RESOURCE
BLOCK_a_f8,RESOURCE,BLOCK,,RESOURCE
BLOCK_a_f9,RESOURCE,BLOCK,,RESOURCE
BLOCK_a_fa,RESOURCE,BLOCK,,RESOURCE
BLOCK_a_fb,RESOURCE,BLOCK,,RESOURCE
BLOCK_a_fc,RESOURCE,BLOCK,,RESOURCE
BLOCK_a_fd,RESOURCE,BLOCK,,RESOURCE
BLOCK_a_fe,RESOURCE,BLOCK,,RESOURCE
BLOCK_a_ff,RESOURCE,BLOCK,,RESOURCE
BLOCK_a_100,RESOURCE,BLOCK,,RESOURCE
BLOCK_a_101,RESOURCE,BLOCK,,RESOURCE
BLOCK_a_102,RESOURCE,BLOCK,,RESOURCE
BLOCK_a_103,RESOURCE,BLOCK,,RESOURCE
BLOCK_a_104,RESOURCE,BLOCK,,RESOURCE
BLOCK_a_105,RESOURCE,BLOCK,,RESOURCE
BLOCK_a_106,RESOURCE,BLOCK,,RESOURCE
BLOCK_a_107,RESOURCE,BLOCK,,RESOURCE
BLOCK_a_108,RESOURCE,BLOCK,,RESOURCE
BLOCK_a_109,RESOURCE,BLOCK,,RESOURCE
BLOCK_a_10a,RESOURCE,BLOCK,,RESOURCE
BLOCK_a_10b,RESOURCE,BLOCK,,RESOURCE
BLOCK_a_10c,RESOURCE,BLOCK,,RESOURCE
BLOCK_a_10d,RESOURCE,BLOCK,,RESOURCE
BLOCK_a_10e,RESOURCE,BLOCK,,RESOURCE
BLOCK_a_10f,RESOURCE,BLOCK,,RESOURCE
BLOCK_a_110,RESOURCE,BLOCK,,RESOURCE
BLOCK_a_111,RESOURCE,BLOCK,,RESOURCE
BLOCK_a_112,RESOURCE,BLOCK,,RESOURCE
BLOCK_a_113,RESOURCE,BLOCK,,RESOURCE
BLOCK_a_114,RESOURCE,BLOCK,,RESOURCE
BLOCK_a_115,RESOURCE,BLOCK,,RESOURCE
BLOCK_a_116,RESOURCE,BLOCK,,RESOURCE
BLOCK_a_117,RESOURCE,BLOCK,,RESOURCE
BLOCK_a_118,RESOURCE,BLOCK,,RESOURCE
BLOCK_a_119,RESOURCE,BLOCK,,RESOURCE
BLOCK_a_11a,RESOURCE,BLOCK,,RESOURCE
BLOCK_a_11b,RESOURCE,BLOCK,,RESOURCE
BLOCK_a_11c,RESOURCE,BLOCK,,RESOURCE
BLOCK_a_11d,RESOURCE,BLOCK,,RESOURCE
BLOCK_a_11e,RESOURCE,BLOCK,,RESOURCE
BLOCK_a_11f,RESOURCE,BLOCK,,RESOURCE
BLOCK_a_120,RESOURCE,BLOCK,,RESOURCE
BLOCK_a_121,RESOURCE,BLOCK,,RESOURCE
BLOCK_a_122,RESOURCE,BLOCK,,RESOURCE
BLOCK_a_123,RESOURCE,BLOCK,,RESOURCE
BLOCK_a_124,RESOURCE,BLOCK,,RESOURCE
BLOCK_a_125,RESOURCE,BLOCK,,RESOURCE
BLOCK_a_126,RESOURCE,BLOCK,,RESOURCE
BLOCK_a_127,RESOURCE,BLOCK,,RESOURCE
BLOCK_a_128,RESOURCE,BLOCK,,RESOURCE
BLOCK_a_129,RESOURCE,BLOCK,,RESOURCE
BLOCK_a_12a,RESOURCE,BLOCK,,RESOURCE
BLOCK_a_12b,RESOURCE,BLOCK,,RESOURCE
BLOCK_a_12c,RESOURCE,BLOCK,,RESOURCE
BLOCK_a_12d,RESOURCE,BLOCK,,RESOURCE
BLOCK_a_12e,RESOURCE,BLOCK,,RESOURCE
BLOCK_a_12f,RESOURCE,BLOCK,,RESOURCE
BLOCK_a_130,RESOURCE,BLOCK,,RESOURCE
BLOCK_a_131,RESOURCE,BLOCK,,RESOURCE
BLOCK_a_132,RESOURCE,BLOCK,,RESOURCE
BLOCK_a_133,RESOURCE,BLOCK,,RESOURCE
BLOCK_a_134,RESOURCE,BLOCK,,RESOURCE
BLOCK_a_135,RESOURCE,BLOCK,,RESOURCE
BLOCK_a_136,RESOURCE,BLOCK,,RESOURCE
BLOCK_a_137,RESOURCE,BLOCK,,RESOURCE
BLOCK_a_138,RESOURCE,BLOCK,,RESOURCE
BLOCK_a_139,RESOURCE,BLOCK,,RESOURCE
BLOCK_a_13a,RESOURCE,BLOCK,,RESOURCE
BLOCK_a_13b,RESOURCE,BLOCK,,RESOURCE
BLOCK_a_13c,RESOURCE,BLOCK,,RESOURCE
BLOCK_a_13d,RESOURCE,BLOCK,,RESOURCE
BLOCK_a_13e,RESOURCE,BLOCK,,RESOURCE
BLOCK_a_13f,RESOURCE,BLOCK,,RESOURCE
BLOCK_a_140,RESOURCE,BLOCK,,RESOURCE
BLOCK_a_141,RESOURCE,BLOCK,,RESOURCE
BLOCK_a_142,RESOURCE,BLOCK,,RESOURCE
BLOCK_a_143,RESOURCE,BLOCK,,RESOURCE
BLOCK_a_144,RESOURCE,BLOCK,,RESOURCE
BLOCK_a_145,RESOURCE,BLOCK,,RESOURCE
BLOCK_a_146,RESOURCE,BLOCK,,RESOURCE
BLOCK_a_147,RESOURCE,BLOCK,,RESOURCE
BLOCK_a_148,RESOURCE,BLOCK,,RESOURCE
BLOCK_a_149,RESOURCE,BLOCK,,RESOURCE
BLOCK_a_14a,RESOURCE,BLOCK,,RESOURCE
BLOCK_a_14b,RESOURCE,BLOCK,,RESOURCE
BLOCK_a_14c,RESOURCE,BLOCK,,RESOURCE
BLOCK_a_14d,RESOURCE,BLOCK,,RESOURCE
BLOCK_a_14e,RESOURCE,BLOCK,,RESOURCE
BLOCK_a_14f,RESOURCE,BLOCK,,RESOURCE
BLOCK_a_150,RESOURCE,BLOCK,,RESOURCE
BLOCK_a_151,RESOURCE,BLOCK,,RESOURCE
BLOCK_a_152,RESOURCE,BLOCK,,RESOURCE
BLOCK_a_153,RESOURCE,BLOCK,,RESOURCE
BLOCK_a_154,RESOURCE,BLOCK,,RESOURCE
BLOCK_a_155,RESOURCE,BLOCK,,RESOURCE
BLOCK_a_156,RESOURCE,BLOCK,,RESOURCE
BLOCK_a_157,RESOURCE,BLOCK,,RESOURCE
BLOCK_a_158,RESOURCE,BLOCK,,RESOURCE
BLOCK_a_159,RESOURCE,BLOCK,,RESOURCE
BLOCK_a_15a,RESOURCE,BLOCK,,RESOURCE
BLOCK_a_15b,RESOURCE,BLOCK,,RESOURCE
BLOCK_a_15c,RESOURCE,BLOCK,,RESOURCE
BLOCK_a_15d,RESOURCE,BLOCK,,RESOURCE
BLOCK_a_15e,RESOURCE,BLOCK,,RESOURCE
BLOCK_a_15f,RESOURCE,BLOCK,,RESOURCE
BLOCK_a_160,RESOURCE,BLOCK,,RESOURCE
BLOCK_a_161,RESOURCE,BLOCK,,RESOURCE
BLOCK_a_162,RESOURCE,BLOCK,,RESOURCE
BLOCK_a_163,RESOURCE,BLOCK,,RESOURCE
BLOCK_a_164,RESOURCE,BLOCK,,RESOURCE
BLOCK_a_165,RESOURCE,BLOCK,,RESOURCE
BLOCK_a_166,RESOURCE,BLOCK,,RESOURCE
BLOCK_a_167,RESOURCE,BLOCK,,RESOURCE
BLOCK_a_168,RESOURCE,BLOCK,,RESOURCE
BLOCK_a_169,RESOURCE,BLOCK,,RESOURCE
BLOCK_a_16a,RESOURCE,BLOCK,,RESOURCE
BLOCK_a_16b,RESOURCE,BLOCK,,RESOURCE
BLOCK_a_16c,RESOURCE,BLOCK,,RESOURCE
BLOCK_a_16d,RESOURCE,BLOCK,,RESOURCE
BLOCK_a_16e,RESOURCE,BLOCK,,RESOURCE
BLOCK_a_16f,RESOURCE,BLOCK,,RESOURCE
BLOCK_a_170,RESOURCE,BLOCK,,RESOURCE
BLOCK_a_171,RESOURCE,BLOCK,,RESOURCE
BLOCK_a_172,RESOURCE,BLOCK,,RESOURCE
BLOCK_a_173,RESOURCE,BLOCK,,RESOURCE
BLOCK_a_174,RESOURCE,BLOCK,,RESOURCE
BLOCK_a_175,RESOURCE,BLOCK,,RESOURCE
BLOCK_a_176,RESOURCE,BLOCK,,RESOURCE
BLOCK_a_177,RESOURCE,BLOCK,,RESOURCE
BLOCK_a_178,RESOURCE,BLOCK,,RESOURCE
BLOCK_a_179,RESOURCE,BLOCK,,RESOURCE
BLOCK_a_17a,RESOURCE,BLOCK,,RESOURCE
BLOCK_a_17b,RESOURCE,BLOCK,,RESOURCE
BLOCK_a_17c,RESOURCE,BLOCK,,RESOURCE
BLOCK_a_17d,RESOURCE,BLOCK,,RESOURCE
BLOCK_a_17e,RESOURCE,BLOCK,,RESOURCE
BLOCK_a_17f,RESOURCE,BLOCK,,RESOURCE
BLOCK_a_180,RESOURCE,BLOCK,,RESOURCE
BLOCK_a_181,RESOURCE,BLOCK,,RESOURCE
BLOCK_a_182,RESOURCE,BLOCK,,RESOURCE
BLOCK_a_183,RESOURCE,BLOCK,,RESOURCE
BLOCK_a_184,RESOURCE,BLOCK,,RESOURCE
BLOCK_a_185,RESOURCE,BLOCK,,RESOURCE
BLOCK_a_186,RESOURCE,BLOCK,,RESOURCE
BLOCK_a_187,RESOURCE,BLOCK,,RESOURCE
BLOCK_a_188,RESOURCE,BLOCK,,RESOURCE
BLOCK_a_189,RESOURCE,BLOCK,,RESOURCE
BLOCK_a_18a,RESOURCE,BLOCK,,RESOURCE
BLOCK_a_18b,RESOURCE,BLOCK,,RESOURCE
BLOCK_a_18c,RESOURCE,BLOCK,,RESOURCE
BLOCK_a_18d,RESOURCE,BLOCK,,RESOURCE
BLOCK_a_18e,RESOURCE,BLOCK,,RESOURCE
BLOCK_a_18f,RESOURCE,BLOCK,,RESOURCE
BLOCK_a_190,RESOURCE,BLOCK,,RESOURCE
BLOCK_a_191,RESOURCE,BLOCK,,RESOURCE
BLOCK_a_192,RESOURCE,BLOCK,,RESOURCE
BLOCK_a_193,RESOURCE,BLOCK,,RESOURCE
BLOCK_a_194,RESOURCE,BLOCK,,RESOURCE
BLOCK_a_195,RESOURCE,BLOCK,,RESOURCE
BLOCK_a_196,RESOURCE,BLOCK,,RESOURCE
BLOCK_a_197,RESOURCE,BLOCK,,RESOURCE
BLOCK_a_198,RESOURCE,BLOCK,,RESOURCE
BLOCK_a_199,RESOURCE,BLOCK,,RESOURCE
BLOCK_a_19a,RESOURCE,BLOCK,,RESOURCE
BLOCK_a_19b,RESOURCE,BLOCK,,RESOURCE
BLOCK_a_19c,RESOURCE,BLOCK,,RESOURCE
BLOCK_a_19d,RESOURCE,BLOCK,,RESOURCE
BLOCK_a_19e,RESOURCE,BLOCK,,RESOURCE
BLOCK_a_19f,RESOURCE,BLOCK,,RESOURCE
BLOCK_a_1a0,RESOURCE,BLOCK,,RESOURCE
BLOCK_a_1a1,RESOURCE,BLOCK,,RESOURCE
BLOCK_a_1a2,RESOURCE,BLOCK,,RESOURCE
BLOCK_a_1a3,RESOURCE,BLOCK,,RESOURCE
BLOCK_a_1a4,RESOURCE,BLOCK,,RESOURCE
BLOCK_a_1a5,RESOURCE,BLOCK,,RESOURCE
BLOCK_a_1a6,RESOURCE,BLOCK,,RESOURCE
BLOCK_a_1a7,RESOURCE,BLOCK,,RESOURCE
BLOCK_a_1a8,RESOURCE,BLOCK,,RESOURCE
BLOCK_a_1a9,RESOURCE,BLOCK,,RESOURCE
BLOCK_a_1aa,RESOURCE,BLOCK,,RESOURCE
BLOCK_a_1ab,RESOURCE,BLOCK,,RESOURCE
BLOCK_a_1ac,RESOURCE,BLOCK,,RESOURCE
BLOCK_a_1ad,RESOURCE,BLOCK,,RESOURCE
BLOCK_a_1ae,RESOURCE,BLOCK,,RESOURCE
BLOCK_a_1af,RESOURCE,BLOCK,,RESOURCE
BLOCK_a_1b0,RESOURCE,BLOCK,,RESOURCE
BLOCK_a_1b1,RESOURCE,BLOCK,,RESOURCE
BLOCK_a_1b2,RESOURCE,BLOCK,,RESOURCE
BLOCK_a_1b3,RESOURCE,BLOCK,,RESOURCE
BLOCK_a_1b4,RESOURCE,BLOCK,,RESOURCE
BLOCK_a_1b5,RESOURCE,BLOCK,,RESOURCE
BLOCK_a_1b6,RESOURCE,BLOCK,,RESOURCE
BLOCK_a_1b7,RESOURCE,BLOCK,,RESOURCE
BLOCK_a_1b8,RESOURCE,BLOCK,,RESOURCE
BLOCK_a_1b9,RESOURCE,BLOCK,,RESOURCE
BLOCK_a_1ba,RESOURCE,BLOCK,,RESOURCE
BLOCK_a_1bb,RESOURCE,BLOCK,,RESOURCE
BLOCK_a_1bc,RESOURCE,BLOCK,,RESOURCE
BLOCK_a_1bd,RESOURCE,BLOCK,,RESOURCE
BLOCK_a_1be,RESOURCE,BLOCK,,RESOURCE
BLOCK_a_1bf,RESOURCE,BLOCK,,RESOURCE
BLOCK_a_1c0,RESOURCE,BLOCK,,RESOURCE
BLOCK_a_1c1,RESOURCE,BLOCK,,RESOURCE
BLOCK_a_1c2,RESOURCE,BLOCK,,RESOURCE
BLOCK_a_1c3,RESOURCE,BLOCK,,RESOURCE
BLOCK_a_1c4,RESOURCE,BLOCK,,RESOURCE
BLOCK_a_1c5,RESOURCE,BLOCK,,RESOURCE
BLOCK_a_1c6,RESOURCE,BLOCK,,RESOURCE
BLOCK_a_1c7,RESOURCE,BLOCK,,RESOURCE
BLOCK_a_1c8,RESOURCE,BLOCK,,RESOURCE
BLOCK_a_1c9,RESOURCE,BLOCK,,RESOURCE
BLOCK_a_1ca,RESOURCE,BLOCK,,RESOURCE
BLOCK_a_1cb,RESOURCE,BLOCK,,RESOURCE
BLOCK_a_1cc,RESOURCE,BLOCK,,RESOURCE
BLOCK_a_1cd,RESOURCE,BLOCK,,RESOURCE
BLOCK_a_1ce,RESOURCE,BLOCK,,RESOURCE
BLOCK_a_1cf,RESOURCE,BLOCK,,RESOURCE
BLOCK_a_1d0,RESOURCE,BLOCK,,RESOURCE
BLOCK_a_1d1,RESOURCE,BLOCK,,RESOURCE
BLOCK_a_1d2,RESOURCE,BLOCK,,RESOURCE
BLOCK_a_1d3,RESOURCE,BLOCK,,RESOURCE
BLOCK_a_1d4,RESOURCE,BLOCK,,RESOURCE
BLOCK_a_1d5,RESOURCE,BLOCK,,RESOURCE
BLOCK_a_1d6,RESOURCE,BLOCK,,RESOURCE
BLOCK_a_1d7,RESOURCE,BLOCK,,RESOURCE
BLOCK_a_1d8,RESOURCE,BLOCK,,RESOURCE
BLOCK_a_1d9,RESOURCE,BLOCK,,RESOURCE
BLOCK_a_1da,RESOURCE,BLOCK,,RESOURCE
BLOCK_a_1db,RESOURCE,BLOCK,,RESOURCE
BLOCK_a_1dc,RESOURCE,BLOCK,,RESOURCE
BLOCK_a_1dd,RESOURCE,BLOCK,,RESOURCE
BLOCK_a_1de,RESOURCE,BLOCK,,RESOURCE
BLOCK_a_1df,RESOURCE,BLOCK,,RESOURCE
BLOCK_a_1e0,RESOURCE,BLOCK,,RESOURCE
BLOCK_a_1e1,RESOURCE,BLOCK,,RESOURCE
BLOCK_a_1e2,RESOURCE,BLOCK,,RESOURCE
BLOCK_a_1e3,RESOURCE,BLOCK,,RESOURCE
BLOCK_a_1e4,RESOURCE,BLOCK,,RESOURCE
BLOCK_a_1e5,RESOURCE,BLOCK,,RESOURCE
BLOCK_a_1e6,RESOURCE,BLOCK,,RESOURCE
BLOCK_a_1e7,RESOURCE,BLOCK,,RESOURCE
BLOCK_a_1e8,RESOURCE,BLOCK,,RESOURCE
BLOCK_a_1e9,RESOURCE,BLOCK,,RESOURCE
BLOCK_a_1ea,RESOURCE,BLOCK,,RESOURCE
BLOCK_a_1eb,RESOURCE,BLOCK,,RESOURCE
BLOCK_a_1ec,RESOURCE,BLOCK,,RESOURCE
BLOCK_a_1ed,RESOURCE,BLOCK,,RESOURCE
BLOCK_a_1ee,RESOURCE,BLOCK,,RESOURCE
BLOCK_a_1ef,RESOURCE,BLOCK,,RESOURCE
BLOCK_a_1f0,RESOURCE,BLOCK,,RESOURCE
BLOCK_a_1f1,RESOURCE,BLOCK,,RESOURCE
BLOCK_a_1f2,RESOURCE,BLOCK,,RESOURCE
BLOCK_a_1f3,RESOURCE,BLOCK,,RESOURCE
BLOCK_a_1f4,RESOURCE,BLOCK,,RESOURCE
BLOCK_a_1f5,RESOURCE,BLOCK,,RESOURCE
BLOCK_a_1f6,RESOURCE,BLOCK,,RESOURCE
BLOCK_a_1f7,RESOURCE,BLOCK,,RESOURCE
BLOCK_a_1f8,RESOURCE,BLOCK,,RESOURCE
BLOCK_a_1f9,RESOURCE,BLOCK,,RESOURCE
BLOCK_a_1fa,RESOURCE,BLOCK,,RESOURCE
BLOCK_a_1fb,RESOURCE,BLOCK,,RESOURCE
BLOCK_a_1fc,RESOURCE,BLOCK,,RESOURCE
BLOCK_a_1fd,RESOURCE,BLOCK,,RESOURCE
BLOCK_a_1fe,RESOURCE,BLOCK,,RESOURCE
BLOCK_a_1ff,RESOURCE,BLOCK,,RESOURCE
BLOCK_a_200,RESOURCE,BLOCK,,RESOURCE
BLOCK_a_201,RESOURCE,BLOCK,,RESOURCE
BLOCK_a_202,RESOURCE,BLOCK,,RESOURCE
BLOCK_a_203,RESOURCE,BLOCK,,RESOURCE
BLOCK_a_204,RESOURCE,BLOCK,,RESOURCE
BLOCK_a_205,RESOURCE,BLOCK,,RESOURCE
BLOCK_a_206,RESOURCE,BLOCK,,RESOURCE
BLOCK_a_207,RESOURCE,BLOCK,,RESOURCE
BLOCK_a_208,RESOURCE,BLOCK,,RESOURCE
BLOCK_a_209,RESOURCE,BLOCK,,RESOURCE
BLOCK_a_20a,RESOURCE,BLOCK,,RESOURCE
BLOCK_a_20b,RESOURCE,BLOCK,,RESOURCE
BLOCK_a_20c,RESOURCE,BLOCK,,RESOURCE
BLOCK_a_20d,RESOURCE,BLOCK,,RESOURCE
BLOCK_a_20e,RESOURCE,BLOCK,,RESOURCE
BLOCK_a_20f,RESOURCE,BLOCK,,RESOURCE
BLOCK_a_210,RESOURCE,BLOCK,,RESOURCE
BLOCK_a_211,RESOURCE,BLOCK,,RESOURCE
BLOCK_a_212,RESOURCE,BLOCK,,RESOURCE
BLOCK_a_213,RESOURCE,BLOCK,,RESOURCE
BLOCK_a_214,RESOURCE,BLOCK,,RESOURCE
BLOCK_a_215,RESOURCE,BLOCK,,RESOURCE
BLOCK_a_216,RESOURCE,BLOCK,,RESOURCE
BLOCK_a_217,RESOURCE,BLOCK,,RESOURCE
BLOCK_a_218,RESOURCE,BLOCK,,RESOURCE
BLOCK_a_219,RESOURCE,BLOCK,,RESOURCE
BLOCK_a_21a,RESOURCE,BLOCK,,RESOURCE
BLOCK_a_21b,RESOURCE,BLOCK,,RESOURCE
BLOCK_a_21c,RESOURCE,BLOCK,,RESOURCE
BLOCK_a_21d,RESOURCE,BLOCK,,RESOURCE
BLOCK_a_21e,RESOURCE,BLOCK,,RESOURCE
BLOCK_a_21f,RESOURCE,BLOCK,,RESOURCE
BLOCK_a_220,RESOURCE,BLOCK,,RESOURCE
BLOCK_a_221,RESOURCE,BLOCK,,RESOURCE
BLOCK_a_222,RESOURCE,BLOCK,,RESOURCE
BLOCK_a_223,RESOURCE,BLOCK,,RESOURCE
BLOCK_a_224,RESOURCE,BLOCK,,RESOURCE
BLOCK_a_225,RESOURCE,BLOCK,,RESOURCE
BLOCK_a_226,RESOURCE,BLOCK,,RESOURCE
BLOCK_a_227,RESOURCE,BLOCK,,RESOURCE
BLOCK_a_228,RESOURCE,BLOCK,,RESOURCE
BLOCK_a_229,RESOURCE,BLOCK,,RESOURCE
BLOCK_a_22a,RESOURCE,BLOCK,,RESOURCE
BLOCK_a_22b,RESOURCE,BLOCK,,RESOURCE
BLOCK_a_22c,RESOURCE,BLOCK,,RESOURCE
BLOCK_a_22d,RESOURCE,BLOCK,,RESOURCE
BLOCK_a_22e,RESOURCE,BLOCK,,RESOURCE
BLOCK_a_22f,RESOURCE,BLOCK,,RESOURCE
BLOCK_a_230,RESOURCE,BLOCK,,RESOURCE
BLOCK_a_231,RESOURCE,BLOCK,,RESOURCE
BLOCK_a_232,RESOURCE,BLOCK,,RESOURCE
BLOCK_a_233,RESOURCE,BLOCK,,RESOURCE
BLOCK_a_234,RESOURCE,BLOCK,,RESOURCE
BLOCK_a_235,RESOURCE,BLOCK,,RESOURCE
BLOCK_a_236,RESOURCE,BLOCK,,RESOURCE
BLOCK_a_237,RESOURCE,BLOCK,,RESOURCE
BLOCK_a_238,RESOURCE,BLOCK,,RESOURCE
BLOCK_a_239,RESOURCE,BLOCK,,RESOURCE
BLOCK_a_23a,RESOURCE,BLOCK,,RESOURCE
BLOCK_a_23b,RESOURCE,BLOCK,,RESOURCE
BLOCK_a_23c,RESOURCE,BLOCK,,RESOURCE
BLOCK_a_23d,RESOURCE,BLOCK,,RESOURCE
BLOCK_a_23e,RESOURCE,BLOCK,,RESOURCE
BLOCK_a_23f,RESOURCE,BLOCK,,RESOURCE
BLOCK_a_240,RESOURCE,BLOCK,,RESOURCE
BLOCK_a_241,RESOURCE,BLOCK,,RESOURCE
BLOCK_a_242,RESOURCE,BLOCK,,RESOURCE
BLOCK_a_243,RESOURCE,BLOCK,,RESOURCE
BLOCK_a_244,RESOURCE,BLOCK,,RESOURCE
BLOCK_a_245,RESOURCE,BLOCK,,RESOURCE
BLOCK_a_246,RESOURCE,BLOCK,,RESOURCE
BLOCK_a_247,RESOURCE,BLOCK,,RESOURCE
BLOCK_a_248,RESOURCE,BLOCK,,RESOURCE
BLOCK_a_249,RESOURCE,BLOCK,,RESOURCE
BLOCK_a_24a,RESOURCE,BLOCK,,RESOURCE
BLOCK_a_24b,RESOURCE,BLOCK,,RESOURCE
BLOCK_a_24c,RESOURCE,BLOCK,,RESOURCE
BLOCK_a_24d,RESOURCE,BLOCK,,RESOURCE
BLOCK_a_24e,RESOURCE,BLOCK,,RESOURCE
BLOCK_a_24f,RESOURCE,BLOCK,,RESOURCE
BLOCK_a_250,RESOURCE,BLOCK,,RESOURCE
BLOCK_a_251,RESOURCE,BLOCK,,RESOURCE
BLOCK_a_252,RESOURCE,BLOCK,,RESOURCE
BLOCK_a_253,RESOURCE,BLOCK,,RESOURCE
BLOCK_a_254,RESOURCE,BLOCK,,RESOURCE
BLOCK_a_255,RESOURCE,BLOCK,,RESOURCE
BLOCK_a_256,RESOURCE,BLOCK,,RESOURCE
BLOCK_a_257,RESOURCE,BLOCK,,RESOURCE
BLOCK_a_258,RESOURCE,BLOCK,,RESOURCE
BLOCK_a_259,RESOURCE,BLOCK,,RESOURCE
BLOCK_a_25a,RESOURCE,BLOCK,,RESOURCE
BLOCK_a_25b,RESOURCE,BLOCK,,RESOURCE
BLOCK_a_25c,RESOURCE,BLOCK,,RESOURCE
BLOCK_a_25d,RESOURCE,BLOCK,,RESOURCE
BLOCK_a_25e,RESOURCE,BLOCK,,RESOURCE
BLOCK_a_25f,RESOURCE,BLOCK,,RESOURCE
BLOCK_a_260,RESOURCE,BLOCK,,RESOURCE
BLOCK_a_261,RESOURCE,BLOCK,,RESOURCE
BLOCK_a_262,RESOURCE,BLOCK,,RESOURCE
BLOCK_a_263,RESOURCE,BLOCK,,RESOURCE
BLOCK_a_264,RESOURCE,BLOCK,,RESOURCE
BLOCK_a_265,RESOURCE,BLOCK,,RESOURCE
BLOCK_a_266,RESOURCE,BLOCK,,RESOURCE
BLOCK_a_267,RESOURCE,BLOCK,,RESOURCE
BLOCK_a_268,RESOURCE,BLOCK,,RESOURCE
BLOCK_a_269,RESOURCE,BLOCK,,RESOURCE
BLOCK_a_26a,RESOURCE,BLOCK,,RESOURCE
BLOCK_a_26b,RESOURCE,BLOCK,,RESOURCE
BLOCK_a_26c,RESOURCE,BLOCK,,RESOURCE
BLOCK_a_26d,RESOURCE,BLOCK,,RESOURCE
BLOCK_a_26e,RESOURCE,BLOCK,,RESOURCE
BLOCK_a_26f,RESOURCE,BLOCK,,RESOURCE
BLOCK_a_270,RESOURCE,BLOCK,,RESOURCE
BLOCK_a_271,RESOURCE,BLOCK,,RESOURCE
BLOCK_a_272,RESOURCE,BLOCK,,RESOURCE
BLOCK_a_273,RESOURCE,BLOCK,,RESOURCE
BLOCK_a_274,RESOURCE,BLOCK,,RESOURCE
BLOCK_a_275,RESOURCE,BLOCK,,RESOURCE
BLOCK_a_276,RESOURCE,BLOCK,,RESOURCE
BLOCK_a_277,RESOURCE,BLOCK,,RESOURCE
BLOCK_a_278,RESOURCE,BLOCK,,RESOURCE
BLOCK_a_279,RESOURCE,BLOCK,,RESOURCE
BLOCK_a_27a,RESOURCE,BLOCK,,RESOURCE
BLOCK_a_27b,RESOURCE,BLOCK,,RESOURCE
BLOCK_a_27c,RESOURCE,BLOCK,,RESOURCE
BLOCK_a_27d,RESOURCE,BLOCK,,RESOURCE
BLOCK_a_27e,RESOURCE,BLOCK,,RESOURCE
BLOCK_a_27f,RESOURCE,BLOCK,,RESOURCE
BLOCK_a_280,RESOURCE,BLOCK,,RESOURCE
BLOCK_a_281,RESOURCE,BLOCK,,RESOURCE
BLOCK_a_282,RESOURCE,BLOCK,,RESOURCE
BLOCK_a_283,RESOURCE,BLOCK,,RESOURCE
BLOCK_a_284,RESOURCE,BLOCK,,RESOURCE
BLOCK_a_285,RESOURCE,BLOCK,,RESOURCE
BLOCK_a_286,RESOURCE,BLOCK,,RESOURCE
BLOCK_a_287,RESOURCE,BLOCK,,RESOURCE
BLOCK_a_288,RESOURCE,BLOCK,,RESOURCE
BLOCK_a_289,RESOURCE,BLOCK,,RESOURCE
BLOCK_a_28a,RESOURCE,BLOCK,,RESOURCE
BLOCK_a_28b,RESOURCE,BLOCK,,RESOURCE
BLOCK_a_28c,RESOURCE,BLOCK,,RESOURCE
BLOCK_a_28d,RESOURCE,BLOCK,,RESOURCE
BLOCK_a_28e,RESOURCE,BLOCK,,RESOURCE
BLOCK_a_28f,RESOURCE,BLOCK,,RESOURCE
BLOCK_a_290,RESOURCE,BLOCK,,RESOURCE
BLOCK_a_291,RESOURCE,BLOCK,,RESOURCE
BLOCK_a_292,RESOURCE,BLOCK,,RESOURCE
BLOCK_a_293,RESOURCE,BLOCK,,RESOURCE
BLOCK_a_294,RESOURCE,BLOCK,,RESOURCE
BLOCK_a_295,RESOURCE,BLOCK,,RESOURCE
BLOCK_a_296,RESOURCE,BLOCK,,RESOURCE
BLOCK_a_297,RESOURCE,BLOCK,,RESOURCE
BLOCK_a_298,RESOURCE,BLOCK,,RESOURCE
BLOCK_a_299,RESOURCE,BLOCK,,RESOURCE
BLOCK_a_29a,RESOURCE,BLOCK,,RESOURCE
BLOCK_a_29b,RESOURCE,BLOCK,,RESOURCE
BLOCK_a_29c,RESOURCE,BLOCK,,RESOURCE
BLOCK_a_29d,RESOURCE,BLOCK,,RESOURCE
BLOCK_a_29e,RESOURCE,BLOCK,,RESOURCE
BLOCK_a_29f,RESOURCE,BLOCK,,RESOURCE
BLOCK_a_2a0,RESOURCE,BLOCK,,RESOURCE
BLOCK_a_2a1,RESOURCE,BLOCK,,RESOURCE
BLOCK_a_2a2,RESOURCE,BLOCK,,RESOURCE
BLOCK_a_2a3,RESOURCE,BLOCK,,RESOURCE
BLOCK_a_2a4,RESOURCE,BLOCK,,RESOURCE
BLOCK_a_2a5,RESOURCE,BLOCK,,RESOURCE
BLOCK_a_2a6,RESOURCE,BLOCK,,RESOURCE
BLOCK_a_2a7,RESOURCE,BLOCK,,RESOURCE
BLOCK_a_2a8,RESOURCE,BLOCK,,RESOURCE
BLOCK_a_2a9,RESOURCE,BLOCK,,RESOURCE
BLOCK_a_2aa,RESOURCE,BLOCK,,RESOURCE
BLOCK_a_2ab,RESOURCE,BLOCK,,RESOURCE
BLOCK_a_2ac,RESOURCE,BLOCK,,RESOURCE
BLOCK_a_2ad,RESOURCE,BLOCK,,RESOURCE
BLOCK_a_2ae,RESOURCE,BLOCK,,RESOURCE
BLOCK_a_2af,RESOURCE,BLOCK,,RESOURCE
BLOCK_a_2b0,RESOURCE,BLOCK,,RESOURCE
BLOCK_a_2b1,RESOURCE,BLOCK,,RESOURCE
BLOCK_a_2b2,RESOURCE,BLOCK,,RESOURCE
BLOCK_a_2b3,RESOURCE,BLOCK,,RESOURCE
BLOCK_a_2b4,RESOURCE,BLOCK,,RESOURCE
BLOCK_a_2b5,RESOURCE,BLOCK,,RESOURCE
BLOCK_a_2b6,RESOURCE,BLOCK,,RESOURCE
BLOCK_a_2b7,RESOURCE,BLOCK,,RESOURCE
BLOCK_a_2b8,RESOURCE,BLOCK,,RESOURCE
BLOCK_a_2b9,RESOURCE,BLOCK,,RESOURCE
BLOCK_a_2ba,RESOURCE,BLOCK,,RESOURCE
BLOCK_a_2bb,RESOURCE,BLOCK,,RESOURCE
BLOCK_a_2bc,RESOURCE,BLOCK,,RESOURCE
BLOCK_a_2bd,RESOURCE,BLOCK,,RESOURCE
BLOCK_a_2be,RESOURCE,BLOCK,,RESOURCE
BLOCK_a_2bf,RESOURCE,BLOCK,,RESOURCE
BLOCK_a_2c0,RESOURCE,BLOCK,,RESOURCE
BLOCK_a_2c1,RESOURCE,BLOCK,,RESOURCE
BLOCK_a_2c2,RESOURCE,BLOCK,,RESOURCE
BLOCK_a_2c3,RESOURCE,BLOCK,,RESOURCE
BLOCK_a_2c4,RESOURCE,BLOCK,,RESOURCE
BLOCK_a_2c5,RESOURCE,BLOCK,,RESOURCE
BLOCK_a_2c6,RESOURCE,BLOCK,,RESOURCE
BLOCK_a_2c7,RESOURCE,BLOCK,,RESOURCE
BLOCK_a_2c8,RESOURCE,BLOCK,,RESOURCE
BLOCK_a_2c9,RESOURCE,BLOCK,,RESOURCE
BLOCK_a_2ca,RESOURCE,BLOCK,,RESOURCE
BLOCK_a_2cb,RESOURCE,BLOCK,,RESOURCE
BLOCK_a_2cc,RESOURCE,BLOCK,,RESOURCE
BLOCK_a_2cd,RESOURCE,BLOCK,,RESOURCE
BLOCK_a_2ce,RESOURCE,BLOCK,,RESOURCE
BLOCK_a_2cf,RESOURCE,BLOCK,,RESOURCE
BLOCK_a_2d0,RESOURCE,BLOCK,,RESOURCE
BLOCK_a_2d1,RESOURCE,BLOCK,,RESOURCE
BLOCK_a_2d2,RESOURCE,BLOCK,,RESOURCE
BLOCK_a_2d3,RESOURCE,BLOCK,,RESOURCE
BLOCK_a_2d4,RESOURCE,BLOCK,,RESOURCE
BLOCK_a_2d5,RESOURCE,BLOCK,,RESOURCE
BLOCK_a_2d6,RESOURCE,BLOCK,,RESOURCE
BLOCK_a_2d7,RESOURCE,BLOCK,,RESOURCE
BLOCK_a_2d8,RESOURCE,BLOCK,,RESOURCE
BLOCK_a_2d9,RESOURCE,BLOCK,,RESOURCE
BLOCK_a_2da,RESOURCE,BLOCK,,RESOURCE
BLOCK_a_2db,RESOURCE,BLOCK,,RESOURCE
BLOCK_a_2dc,RESOURCE,BLOCK,,RESOURCE
BLOCK_a_2dd,RESOURCE,BLOCK,,RESOURCE
BLOCK_a_2de,RESOURCE,BLOCK,,RESOURCE
BLOCK_a_2df,RESOURCE,BLOCK,,RESOURCE
BLOCK_a_2e0,RESOURCE,BLOCK,,RESOURCE
BLOCK_a_2e1,RESOURCE,BLOCK,,RESOURCE
BLOCK_a_2e2,RESOURCE,BLOCK,,RESOURCE
BLOCK_a_2e3,RESOURCE,BLOCK,,RESOURCE
BLOCK_a_2e4,RESOURCE,BLOCK,,RESOURCE
BLOCK_a_2e5,RESOURCE,BLOCK,,RESOURCE
BLOCK_a_2e6,RESOURCE,BLOCK,,RESOURCE
BLOCK_a_2e7,RESOURCE,BLOCK,,RESOURCE
BLOCK_a_2e8,RESOURCE,BLOCK,,RESOURCE
BLOCK_a_2e9,RESOURCE,BLOCK,,RESOURCE
BLOCK_a_2ea,RESOURCE,BLOCK,,RESOURCE
BLOCK_a_2eb,RESOURCE,BLOCK,,RESOURCE
BLOCK_a_2ec,RESOURCE,BLOCK,,RESOURCE
BLOCK_a_2ed,RESOURCE,BLOCK,,RESOURCE
BLOCK_a_2ee,RESOURCE,BLOCK,,RESOURCE
BLOCK_a_2ef,RESOURCE,BLOCK,,RESOURCE
BLOCK_a_2f0,RESOURCE,BLOCK,,RESOURCE
BLOCK_a_2f1,RESOURCE,BLOCK,,RESOURCE
BLOCK_a_2f2,RESOURCE,BLOCK,,RESOURCE
BLOCK_a_2f3,RESOURCE,BLOCK,,RESOURCE
BLOCK_a_2f4,RESOURCE,BLOCK,,RESOURCE
BLOCK_a_2f5,RESOURCE,BLOCK,,RESOURCE
BLOCK_a_2f6,RESOURCE,BLOCK,,RESOURCE
BLOCK_a_2f7,RESOURCE,BLOCK,,RESOURCE
BLOCK_a_2f8,RESOURCE,BLOCK,,RESOURCE
BLOCK_a_2f9,RESOURCE,BLOCK,,RESOURCE
BLOCK_a_2fa,RESOURCE,BLOCK,,RESOURCE
BLOCK_a_2fb,RESOURCE,BLOCK,,RESOURCE
BLOCK_a_2fc,RESOURCE,BLOCK,,RESOURCE
BLOCK_a_2fd,RESOURCE,BLOCK,,RESOURCE
BLOCK_a_2fe,RESOURCE,BLOCK,,RESOURCE
BLOCK_a_2ff,RESOURCE,BLOCK,,RESOURCE
BLOCK_a_300,RESOURCE,BLOCK,,RESOURCE
BLOCK_a_301,RESOURCE,BLOCK,,RESOURCE
BLOCK_a_302,RESOURCE,BLOCK,,RESOURCE
BLOCK_a_303,RESOURCE,BLOCK,,RESOURCE
BLOCK_a_304,RESOURCE,BLOCK,,RESOURCE
BLOCK_a_305,RESOURCE,BLOCK,,RESOURCE
BLOCK_a_306,RESOURCE,BLOCK,,RESOURCE
BLOCK_a_307,RESOURCE,BLOCK,,RESOURCE
BLOCK_a_308,RESOURCE,BLOCK,,RESOURCE
BLOCK_a_309,RESOURCE,BLOCK,,RESOURCE
BLOCK_a_30a,RESOURCE,BLOCK,,RESOURCE
BLOCK_a_30b,RESOURCE,BLOCK,,RESOURCE
BLOCK_a_30c,RESOURCE,BLOCK,,RESOURCE
BLOCK_a_30d,RESOURCE,BLOCK,,RESOURCE
BLOCK_a_30e,RESOURCE,BLOCK,,RESOURCE
BLOCK_a_30f,RESOURCE,BLOCK,,RESOURCE
BLOCK_a_310,RESOURCE,BLOCK,,RESOURCE
BLOCK_a_311,RESOURCE,BLOCK,,RESOURCE
BLOCK_a_312,RESOURCE,BLOCK,,RESOURCE
BLOCK_a_313,RESOURCE,BLOCK,,RESOURCE
BLOCK_a_314,RESOURCE,BLOCK,,RESOURCE
BLOCK_a_315,RESOURCE,BLOCK,,RESOURCE
BLOCK_a_316,RESOURCE,BLOCK,,RESOURCE
BLOCK_a_317,RESOURCE,BLOCK,,RESOURCE
BLOCK_a_318,RESOURCE,BLOCK,,RESOURCE
BLOCK_a_319,RESOURCE,BLOCK,,RESOURCE
BLOCK_a_31a,RESOURCE,BLOCK,,RESOURCE
BLOCK_a_31b,RESOURCE,BLOCK,,RESOURCE
BLOCK_a_31c,RESOURCE,BLOCK,,RESOURCE
BLOCK_a_31d,RESOURCE,BLOCK,,RESOURCE
BLOCK_a_31e,RESOURCE,BLOCK,,RESOURCE
BLOCK_a_31f,RESOURCE,BLOCK,,RESOURCE
BLOCK_a_320,RESOURCE,BLOCK,,RESOURCE
BLOCK_a_321,RESOURCE,BLOCK,,RESOURCE
BLOCK_a_322,RESOURCE,BLOCK,,RESOURCE
BLOCK_a_323,RESOURCE,BLOCK,,RESOURCE
BLOCK_a_324,RESOURCE,BLOCK,,RESOURCE
BLOCK_a_325,RESOURCE,BLOCK,,RESOURCE
BLOCK_a_326,RESOURCE,BLOCK,,RESOURCE
BLOCK_a_327,RESOURCE,BLOCK,,RESOURCE
BLOCK_a_328,RESOURCE,BLOCK,,RESOURCE
BLOCK_a_329,RESOURCE,BLOCK,,RESOURCE
BLOCK_a_32a,RESOURCE,BLOCK,,RESOURCE
BLOCK_a_32b,RESOURCE,BLOCK,,RESOURCE
BLOCK_a_32c,RESOURCE,BLOCK,,RESOURCE
BLOCK_a_32d,RESOURCE,BLOCK,,RESOURCE
BLOCK_a_32e,RESOURCE,BLOCK,,RESOURCE
BLOCK_a_32f,RESOURCE,BLOCK,,RESOURCE
BLOCK_a_330,RESOURCE,BLOCK,,RESOURCE
BLOCK_a_331,RESOURCE,BLOCK,,RESOURCE
BLOCK_a_332,RESOURCE,BLOCK,,RESOURCE
BLOCK_a_333,RESOURCE,BLOCK,,RESOURCE
BLOCK_a_334,RESOURCE,BLOCK,,RESOURCE
BLOCK_a_335,RESOURCE,BLOCK,,RESOURCE
BLOCK_a_336,RESOURCE,BLOCK,,RESOURCE
BLOCK_a_337,RESOURCE,BLOCK,,RESOURCE
BLOCK_a_338,RESOURCE,BLOCK,,RESOURCE
BLOCK_a_339,RESOURCE,BLOCK,,RESOURCE
BLOCK_a_33a,RESOURCE,BLOCK,,RESOURCE
BLOCK_a_33b,RESOURCE,BLOCK,,RESOURCE
BLOCK_a_33c,RESOURCE,BLOCK,,RESOURCE
BLOCK_a_33d,RESOURCE,BLOCK,,RESOURCE
BLOCK_a_33e,RESOURCE,BLOCK,,RESOURCE
BLOCK_a_33f,RESOURCE,BLOCK,,RESOURCE
BLOCK_a_340,RESOURCE,BLOCK,,RESOURCE
BLOCK_a_341,RESOURCE,BLOCK,,RESOURCE
BLOCK_a_342,RESOURCE,BLOCK,,RESOURCE
BLOCK_a_343,RESOURCE,BLOCK,,RESOURCE
BLOCK_a_344,RESOURCE,BLOCK,,RESOURCE
BLOCK_a_345,RESOURCE,BLOCK,,RESOURCE
BLOCK_a_346,RESOURCE,BLOCK,,RESOURCE
BLOCK_a_347,RESOURCE,BLOCK,,RESOURCE
BLOCK_a_348,RESOURCE,BLOCK,,RESOURCE
BLOCK_a_349,RESOURCE,BLOCK,,RESOURCE
BLOCK_a_34a,RESOURCE,BLOCK,,RESOURCE
BLOCK_a_34b,RESOURCE,BLOCK,,RESOURCE
BLOCK_a_34c,RESOURCE,BLOCK,,RESOURCE
BLOCK_a_34d,RESOURCE,BLOCK,,RESOURCE
BLOCK_a_34e,RESOURCE,BLOCK,,RESOURCE
BLOCK_a_34f,RESOURCE,BLOCK,,RESOURCE
BLOCK_a_350,RESOURCE,BLOCK,,RESOURCE
BLOCK_a_351,RESOURCE,BLOCK,,RESOURCE
BLOCK_a_352,RESOURCE,BLOCK,,RESOURCE
BLOCK_a_353,RESOURCE,BLOCK,,RESOURCE
BLOCK_a_354,RESOURCE,BLOCK,,RESOURCE
BLOCK_a_355,RESOURCE,BLOCK,,RESOURCE
BLOCK_a_356,RESOURCE,BLOCK,,RESOURCE
BLOCK_a_357,RESOURCE,BLOCK,,RESOURCE
BLOCK_a_358,RESOURCE,BLOCK,,RESOURCE
BLOCK_a_359,RESOURCE,BLOCK,,RESOURCE
BLOCK_a_35a,RESOURCE,BLOCK,,RESOURCE
BLOCK_a_35b,RESOURCE,BLOCK,,RESOURCE
BLOCK_a_35c,RESOURCE,BLOCK,,RESOURCE
BLOCK_a_35d,RESOURCE,BLOCK,,RESOURCE
BLOCK_a_35e,RESOURCE,BLOCK,,RESOURCE
BLOCK_a_35f,RESOURCE,BLOCK,,RESOURCE
BLOCK_a_360,RESOURCE,BLOCK,,RESOURCE
BLOCK_a_361,RESOURCE,BLOCK,,RESOURCE
BLOCK_a_362,RESOURCE,BLOCK,,RESOURCE
BLOCK_a_363,RESOURCE,BLOCK,,RESOURCE
BLOCK_a_364,RESOURCE,BLOCK,,RESOURCE
BLOCK_a_365,RESOURCE,BLOCK,,RESOURCE
BLOCK_a_366,RESOURCE,BLOCK,,RESOURCE
BLOCK_a_367,RESOURCE,BLOCK,,RESOURCE
BLOCK_a_368,RESOURCE,BLOCK,,RESOURCE
BLOCK_a_369,RESOURCE,BLOCK,,RESOURCE
BLOCK_a_36a,RESOURCE,BLOCK,,RESOURCE
BLOCK_a_36b,RESOURCE,BLOCK,,RESOURCE
BLOCK_a_36c,RESOURCE,BLOCK,,RESOURCE
BLOCK_a_36d,RESOURCE,BLOCK,,RESOURCE
BLOCK_a_36e,RESOURCE,BLOCK,,RESOURCE
BLOCK_a_36f,RESOURCE,BLOCK,,RESOURCE
BLOCK_a_370,RESOURCE,BLOCK,,RESOURCE
BLOCK_a_371,RESOURCE,BLOCK,,RESOURCE
BLOCK_a_372,RESOURCE,BLOCK,,RESOURCE
BLOCK_a_373,RESOURCE,BLOCK,,RESOURCE
BLOCK_a_374,RESOURCE,BLOCK,,RESOURCE
BLOCK_a_375,RESOURCE,BLOCK,,RESOURCE
BLOCK_a_376,RESOURCE,BLOCK,,RESOURCE
BLOCK_a_377,RESOURCE,BLOCK,,RESOURCE
BLOCK_a_378,RESOURCE,BLOCK,,RESOURCE
BLOCK_a_379,RESOURCE,BLOCK,,RESOURCE
BLOCK_a_37a,RESOURCE,BLOCK,,RESOURCE
BLOCK_a_37b,RESOURCE,BLOCK,,RESOURCE
BLOCK_a_37c,RESOURCE,BLOCK,,RESOURCE
BLOCK_a_37d,RESOURCE,BLOCK,,RESOURCE
BLOCK_a_37e,RESOURCE,BLOCK,,RESOURCE
BLOCK_a_37f,RESOURCE,BLOCK,,RESOURCE
BLOCK_a_380,RESOURCE,BLOCK,,RESOURCE
BLOCK_a_381,RESOURCE,BLOCK,,RESOURCE
BLOCK_a_382,RESOURCE,BLOCK,,RESOURCE
BLOCK_a_383,RESOURCE,BLOCK,,RESOURCE
BLOCK_a_384,RESOURCE,BLOCK,,RESOURCE
BLOCK_a_385,RESOURCE,BLOCK,,RESOURCE
BLOCK_a_386,RESOURCE,BLOCK,,RESOURCE
BLOCK_a_387,RESOURCE,BLOCK,,RESOURCE
BLOCK_a_388,RESOURCE,BLOCK,,RESOURCE
BLOCK_a_389,RESOURCE,BLOCK,,RESOURCE
BLOCK_a_38a,RESOURCE,BLOCK,,RESOURCE
BLOCK_a_38b,RESOURCE,BLOCK,,RESOURCE
BLOCK_a_38c,RESOURCE,BLOCK,,RESOURCE
BLOCK_a_38d,RESOURCE,BLOCK,,RESOURCE
BLOCK_a_38e,RESOURCE,BLOCK,,RESOURCE
BLOCK_a_38f,RESOURCE,BLOCK,,RESOURCE
BLOCK_a_390,RESOURCE,BLOCK,,RESOURCE
BLOCK_a_391,RESOURCE,BLOCK,,RESOURCE
BLOCK_a_392,RESOURCE,BLOCK,,RESOURCE
BLOCK_a_393,RESOURCE,BLOCK,,RESOURCE
BLOCK_a_394,RESOURCE,BLOCK,,RESOURCE
BLOCK_a_395,RESOURCE,BLOCK,,RESOURCE
BLOCK_a_396,RESOURCE,BLOCK,,RESOURCE
BLOCK_a_397,RESOURCE,BLOCK,,RESOURCE
BLOCK_a_398,RESOURCE,BLOCK,,RESOURCE
BLOCK_a_399,RESOURCE,BLOCK,,RESOURCE
BLOCK_a_39a,RESOURCE,BLOCK,,RESOURCE
BLOCK_a_39b,RESOURCE,BLOCK,,RESOURCE
BLOCK_a_39c,RESOURCE,BLOCK,,RESOURCE
BLOCK_a_39d,RESOURCE,BLOCK,,RESOURCE
BLOCK_a_39e,RESOURCE,BLOCK,,RESOURCE
BLOCK_a_39f,RESOURCE,BLOCK,,RESOURCE
BLOCK_a_3a0,RESOURCE,BLOCK,,RESOURCE
BLOCK_a_3a1,RESOURCE,BLOCK,,RESOURCE
BLOCK_a_3a2,RESOURCE,BLOCK,,RESOURCE
BLOCK_a_3a3,RESOURCE,BLOCK,,RESOURCE
BLOCK_a_3a4,RESOURCE,BLOCK,,RESOURCE
BLOCK_a_3a5,RESOURCE,BLOCK,,RESOURCE
BLOCK_a_3a6,RESOURCE,BLOCK,,RESOURCE
BLOCK_a_3a7,RESOURCE,BLOCK,,RESOURCE
BLOCK_a_3a8,RESOURCE,BLOCK,,RESOURCE
BLOCK_a_3a9,RESOURCE,BLOCK,,RESOURCE
BLOCK_a_3aa,RESOURCE,BLOCK,,RESOURCE
BLOCK_a_3ab,RESOURCE,BLOCK,,RESOURCE
BLOCK_a_3ac,RESOURCE,BLOCK,,RESOURCE
BLOCK_a_3ad,RESOURCE,BLOCK,,RESOURCE
BLOCK_a_3ae,RESOURCE,BLOCK,,RESOURCE
BLOCK_a_3af,RESOURCE,BLOCK,,RESOURCE
BLOCK_a_3b0,RESOURCE,BLOCK,,RESOURCE
BLOCK_a_3b1,RESOURCE,BLOCK,,RESOURCE
BLOCK_a_3b2,RESOURCE,BLOCK,,RESOURCE
BLOCK_a_3b3,RESOURCE,BLOCK,,RESOURCE
BLOCK_a_3b4,RESOURCE,BLOCK,,RESOURCE
BLOCK_a_3b5,RESOURCE,BLOCK,,RESOURCE
BLOCK_a_3b6,RESOURCE,BLOCK,,RESOURCE
BLOCK_a_3b7,RESOURCE,BLOCK,,RESOURCE
BLOCK_a_3b8,RESOURCE,BLOCK,,RESOURCE
BLOCK_a_3b9,RESOURCE,BLOCK,,RESOURCE
BLOCK_a_3ba,RESOURCE,BLOCK,,RESOURCE
BLOCK_a_3bb,RESOURCE,BLOCK,,RESOURCE
BLOCK_a_3bc,RESOURCE,BLOCK,,RESOURCE
BLOCK_a_3bd,RESOURCE,BLOCK,,RESOURCE
BLOCK_a_3be,RESOURCE,BLOCK,,RESOURCE
BLOCK_a_3bf,RESOURCE,BLOCK,,RESOURCE
BLOCK_a_3c0,RESOURCE,BLOCK,,RESOURCE
BLOCK_a_3c1,RESOURCE,BLOCK,,RESOURCE
BLOCK_a_3c2,RESOURCE,BLOCK,,RESOURCE
BLOCK_a_3c3,RESOURCE,BLOCK,,RESOURCE
BLOCK_a_3c4,RESOURCE,BLOCK,,RESOURCE
BLOCK_a_3c5,RESOURCE,BLOCK,,RESOURCE
BLOCK_a_3c6,RESOURCE,BLOCK,,RESOURCE
BLOCK_a_3c7,RESOURCE,BLOCK,,RESOURCE
BLOCK_a_3c8,RESOURCE,BLOCK,,RESOURCE
BLOCK_a_3c9,RESOURCE,BLOCK,,RESOURCE
BLOCK_a_3ca,RESOURCE,BLOCK,,RESOURCE
BLOCK_a_3cb,RESOURCE,BLOCK,,RESOURCE
BLOCK_a_3cc,RESOURCE,BLOCK,,RESOURCE
BLOCK_a_3cd,RESOURCE,BLOCK,,RESOURCE
BLOCK_a_3ce,RESOURCE,BLOCK,,RESOURCE
BLOCK_a_3cf,RESOURCE,BLOCK,,RESOURCE
BLOCK_a_3d0,RESOURCE,BLOCK,,RESOURCE
BLOCK_a_3d1,RESOURCE,BLOCK,,RESOURCE
BLOCK_a_3d2,RESOURCE,BLOCK,,RESOURCE
BLOCK_a_3d3,RESOURCE,BLOCK,,RESOURCE
BLOCK_a_3d4,RESOURCE,BLOCK,,RESOURCE
BLOCK_a_3d5,RESOURCE,BLOCK,,RESOURCE
BLOCK_a_3d6,RESOURCE,BLOCK,,RESOURCE
BLOCK_a_3d7,RESOURCE,BLOCK,,RESOURCE
BLOCK_a_3d8,RESOURCE,BLOCK,,RESOURCE
BLOCK_a_3d9,RESOURCE,BLOCK,,RESOURCE
BLOCK_a_3da,RESOURCE,BLOCK,,RESOURCE
BLOCK_a_3db,RESOURCE,BLOCK,,RESOURCE
BLOCK_a_3dc,RESOURCE,BLOCK,,RESOURCE
BLOCK_a_3dd,RESOURCE,BLOCK,,RESOURCE
BLOCK_a_3de,RESOURCE,BLOCK,,RESOURCE
BLOCK_a_3df,RESOURCE,BLOCK,,RESOURCE
BLOCK_a_3e0,RESOURCE,BLOCK,,RESOURCE
BLOCK_a_3e1,RESOURCE,BLOCK,,RESOURCE
BLOCK_a_3e2,RESOURCE,BLOCK,,RESOURCE
BLOCK_a_3e3,RESOURCE,BLOCK,,RESOURCE
BLOCK_a_3e4,RESOURCE,BLOCK,,RESOURCE
BLOCK_a_3e5,RESOURCE,BLOCK,,RESOURCE
BLOCK_a_3e6,RESOURCE,BLOCK,,RESOURCE
BLOCK_a_3e7,RESOURCE,BLOCK,,RESOURCE
BLOCK_a_3e8,RESOURCE,BLOCK,,RESOURCE
BLOCK_a_3e9,RESOURCE,BLOCK,,RESOURCE
BLOCK_a_3ea,RESOURCE,BLOCK,,RESOURCE
BLOCK_a_3eb,RESOURCE,BLOCK,,RESOURCE
BLOCK_a_3ec,RESOURCE,BLOCK,,RESOURCE
BLOCK_a_3ed,RESOURCE,BLOCK,,RESOURCE
BLOCK_a_3ee,RESOURCE,BLOCK,,RESOURCE
BLOCK_a_3ef,RESOURCE,BLOCK,,RESOURCE
BLOCK_a_3f0,RESOURCE,BLOCK,,RESOURCE
BLOCK_a_3f1,RESOURCE,BLOCK,,RESOURCE
BLOCK_a_3f2,RESOURCE,BLOCK,,RESOURCE
BLOCK_a_3f3,RESOURCE,BLOCK,,RESOURCE
BLOCK_a_3f4,RESOURCE,BLOCK,,RESOURCE
BLOCK_a_3f5,RESOURCE,BLOCK,,RESOURCE
BLOCK_a_3f6,RESOURCE,BLOCK,,RESOURCE
BLOCK_a_3f7,RESOURCE,BLOCK,,RESOURCE
BLOCK_a_3f8,RESOURCE,BLOCK,,RESOURCE
BLOCK_a_3f9,RESOURCE,BLOCK,,RESOURCE
BLOCK_a_3fa,RESOURCE,BLOCK,,RESOURCE
BLOCK_a_3fb,RESOURCE,BLOCK,,RESOURCE
BLOCK_a_3fc,RESOURCE,BLOCK,,RESOURCE
BLOCK_a_3fd,RESOURCE,BLOCK,,RESOURCE
BLOCK_a_3fe,RESOURCE,BLOCK,,RESOURCE
BLOCK_a_3ff,RESOURCE,BLOCK,,RESOURCE
VCPU_5_3,RESOURCE,VCPU,,RESOURCE
VMR_b_1,RESOURCE,VMR,"{""va"": ""0x10000000"", ""vmr_type"": ""OSM_DATA"", ""num_pages"": ""1"", ""page_size"": ""4096""}",RESOURCE
VMR_b_2,RESOURCE,VMR,"{""va"": ""0x400000"", ""vmr_type"": ""ELF_CODE"", ""num_pages"": ""235"", ""page_size"": ""4096""}",RESOURCE
MO_4_10,RESOURCE,MO,"{""pa"": ""0x75436000"", ""num_pages"": ""235"", ""page_size"": ""4096""}",RESOURCE
VMR_b_3,RESOURCE,VMR,"{""va"": ""0x4ec000"", ""vmr_type"": ""ELF_DATA"", ""num_pages"": ""52"", ""page_size"": ""4096""}",RESOURCE
MO_4_11,RESOURCE,MO,"{""pa"": ""0x75532000"", ""num_pages"": ""52"", ""page_size"": ""4096""}",RESOURCE
VMR_b_4,RESOURCE,VMR,"{""va"": ""0x5000000000"", ""vmr_type"": ""HEAP"", ""num_pages"": ""100"", ""page_size"": ""4096""}",RESOURCE
MO_4_12,RESOURCE,MO,"{""pa"": ""0x75569000"", ""num_pages"": ""100"", ""page_size"": ""4096""}",RESOURCE
VMR_b_5,RESOURCE,VMR,"{""va"": ""0x10001000"", ""vmr_type"": ""STACK"", ""num_pages"": ""17"", ""page_size"": ""4096""}",RESOURCE
MO_4_13,RESOURCE,MO,"{""pa"": ""0x755d9000"", ""num_pages"": ""16"", ""page_size"": ""4096""}",RESOURCE
VMR_b_6,RESOURCE,VMR,"{""va"": ""0x10012000"", ""vmr_type"": ""IPC_BUF"", ""num_pages"": ""1"", ""page_size"": ""4096""}",RESOURCE
MO_4_14,RESOURCE,MO,"{""pa"": ""0x755ea000"", ""num_pages"": ""1"", ""page_size"": ""4096""}",RESOURCE
VMR_b_7,RESOURCE,VMR,"{""va"": ""0x10013000"", ""vmr_type"": ""SHARED_FRAMES"", ""num_pages"": ""1"", ""page_size"": ""4096""}",RESOURCE
FILE_c_2,RESOURCE,FILE,,RESOURCE
VCPU_5_4,RESOURCE,VCPU,,RESOURCE
VMR_d_1,RESOURCE,VMR,"{""va"": ""0x10000000"", ""vmr_type"": ""OSM_DATA"", ""num_pages"": ""1"", ""page_size"": ""4096""}",RESOURCE
VMR_d_2,RESOURCE,VMR,"{""va"": ""0x400000"", ""vmr_type"": ""ELF_CODE"", ""num_pages"": ""235"", ""page_size"": ""4096""}",RESOURCE
MO_4_18,RESOURCE,MO,"{""pa"": ""0x755fa000"", ""num_pages"": ""235"", ""page_size"": ""4096""}",RESOURCE
VMR_d_3,RESOURCE,VMR,"{""va"": ""0x4ec000"", ""vmr_type"": ""ELF_DATA"", ""num_pages"": ""52"", ""page_size"": ""4096""}",RESOURCE
MO_4_19,RESOURCE,MO,"{""pa"": ""0x756f5000"", ""num_pages"": ""52"", ""page_size"": ""4096""}",RESOURCE
VMR_d_4,RESOURCE,VMR,"{""va"": ""0x5000000000"", ""vmr_type"": ""HEAP"", ""num_pages"": ""100"", ""page_size"": ""4096""}",RESOURCE
MO_4_1a,RESOURCE,MO,"{""pa"": ""0x7572d000"", ""num_pages"": ""100"", ""page_size"": ""4096""}",RESOURCE
VMR_d_5,RESOURCE,VMR,"{""va"": ""0x10001000"", ""vmr_type"": ""STACK"", ""num_pages"": ""17"", ""page_size"": ""4096""}",RESOURCE
MO_4_1b,RESOURCE,MO,"{""pa"": ""0x7579d000"", ""num_pages"": ""16"", ""page_size"": ""4096""}",RESOURCE
VMR_d_6,RESOURCE,VMR,"{""va"": ""0x10012000"", ""vmr_type"": ""IPC_BUF"", ""num_pages"": ""1"", ""page_size"": ""4096""}",RESOURCE
MO_4_1c,RESOURCE,MO,"{""pa"": ""0x757ae000"", ""num_pages"": ""1"", ""page_size"": ""4096""}",RESOURCE
VMR_d_7,RESOURCE,VMR,"{""va"": ""0x10013000"", ""vmr_type"": ""SHARED_FRAMES"", ""num_pages"": ""1"", ""page_size"": ""4096""}",RESOURCE
FILE_e_2,RESOURCE,FILE,,RESOURCE
VCPU_5_5,RESOURCE,VCPU,,RESOURCE
VMR_f_1,RESOURCE,VMR,"{""va"": ""0x10000000"", ""vmr_type"": ""OSM_DATA"", ""num_pages"": ""1"", ""page_size"": ""4096""}",RESOURCE
VMR_f_2,RESOURCE,VMR,"{""va"": ""0x400000"", ""vmr_type"": ""ELF_CODE"", ""num_pages"": ""474"", ""page_size"": ""4096""}",RESOURCE
MO_4_1f,RESOURCE,MO,"{""pa"": ""0x757bd000"", ""num_pages"": ""474"", ""page_size"": ""4096""}",RESOURCE
VMR_f_3,RESOURCE,VMR,"{""va"": ""0x5da000"", ""vmr_type"": ""ELF_DATA"", ""num_pages"": ""24"", ""page_size"": ""4096""}",RESOURCE
MO_4_20,RESOURCE,MO,"{""pa"": ""0x765b8000"", ""num_pages"": ""24"", ""page_size"": ""4096""}",RESOURCE
VMR_f_4,RESOURCE,VMR,"{""va"": ""0x5000000000"", ""vmr_type"": ""HEAP"", ""num_pages"": ""100"", ""page_size"": ""4096""}",RESOURCE
MO_4_21,RESOURCE,MO,"{""pa"": ""0x765d2000"", ""num_pages"": ""100"", ""page_size"": ""4096""}",RESOURCE
VMR_f_5,RESOURCE,VMR,"{""va"": ""0x10001000"", ""vmr_type"": ""STACK"", ""num_pages"": ""17"", ""page_size"": ""4096""}",RESOURCE
MO_4_22,RESOURCE,MO,"{""pa"": ""0x76642000"", ""num_pages"": ""16"", ""page_size"": ""4096""}",RESOURCE
VMR_f_6,RESOURCE,VMR,"{""va"": ""0x10012000"", ""vmr_type"": ""IPC_BUF"", ""num_pages"": ""1"", ""page_size"": ""4096""}",RESOURCE
MO_4_23,RESOURCE,MO,"{""pa"": ""0x76653000"", ""num_pages"": ""1"", ""page_size"": ""4096""}",RESOURCE
VMR_f_7,RESOURCE,VMR,"{""va"": ""0x10013000"", ""vmr_type"": ""SHARED_FRAMES"", ""num_pages"": ""1"", ""page_size"": ""4096""}",RESOURCE
MO_4_24,RESOURCE,MO,"{""pa"": ""0x76654000"", ""num_pages"": ""1"", ""page_size"": ""4096""}",RESOURCE
KVSTORE_10_1,RESOURCE,KVSTORE,,RESOURCE
KVSTORE_10_2,RESOURCE,KVSTORE,,RESOURCE
KVSTORE_10_3,RESOURCE,KVSTORE,,RESOURCE
KVSTORE_10_4,RESOURCE,KVSTORE,,RESOURCE
KVSTORE_10_5,RESOURCE,KVSTORE,,RESOURCE
VCPU_5_6,RESOURCE,VCPU,,RESOURCE
VMR_11_1,RESOURCE,VMR,"{""va"": ""0x10000000"", ""vmr_type"": ""OSM_DATA"", ""num_pages"": ""1"", ""page_size"": ""4096""}",RESOURCE
VMR_11_2,RESOURCE,VMR,"{""va"": ""0x400000"", ""vmr_type"": ""ELF_CODE"", ""num_pages"": ""479"", ""page_size"": ""4096""}",RESOURCE
MO_4_26,RESOURCE,MO,"{""pa"": ""0x76660000"", ""num_pages"": ""479"", ""page_size"": ""4096""}",RESOURCE
VMR_11_3,RESOURCE,VMR,"{""va"": ""0x5df000"", ""vmr_type"": ""ELF_DATA"", ""num_pages"": ""25"", ""page_size"": ""4096""}",RESOURCE
MO_4_27,RESOURCE,MO,"{""pa"": ""0x76c60000"", ""num_pages"": ""25"", ""page_size"": ""4096""}",RESOURCE
VMR_11_4,RESOURCE,VMR,"{""va"": ""0x5000000000"", ""vmr_type"": ""HEAP"", ""num_pages"": ""100"", ""page_size"": ""4096""}",RESOURCE
MO_4_28,RESOURCE,MO,"{""pa"": ""0x76c7b000"", ""num_pages"": ""100"", ""page_size"": ""4096""}",RESOURCE
VMR_11_5,RESOURCE,VMR,"{""va"": ""0x10001000"", ""vmr_type"": ""STACK"", ""num_pages"": ""17"", ""page_size"": ""4096""}",RESOURCE
MO_4_29,RESOURCE,MO,"{""pa"": ""0x76ceb000"", ""num_pages"": ""16"", ""page_size"": ""4096""}",RESOURCE
VMR_11_6,RESOURCE,VMR,"{""va"": ""0x10012000"", ""vmr_type"": ""IPC_BUF"", ""num_pages"": ""1"", ""page_size"": ""4096""}",RESOURCE
MO_4_2a,RESOURCE,MO,"{""pa"": ""0x76cfc000"", ""num_pages"": ""1"", ""page_size"": ""4096""}",RESOURCE
VMR_11_7,RESOURCE,VMR,"{""va"": ""0x10013000"", ""vmr_type"": ""SHARED_FRAMES"", ""num_pages"": ""1"", ""page_size"": ""4096""}",RESOURCE
MO_4_2b,RESOURCE,MO,"{""pa"": ""0x76cfd000"", ""num_pages"": ""1"", ""page_size"": ""4096""}",RESOURCE
