NODE_TYPE,NODE_ID,DATA,EDGE_TYPE,EDGE_FROM,EDGE_TO,EXTRA
,,NONE,MAP,MO_100001_1,MO_4_e,
,,NONE,MAP,MO_100001_1,VMR_9_4,
,,NONE,MAP,MO_100001_2,MO_4_e,
,,NONE,MAP,MO_100001_2,VMR_9_4,
,,NONE,MAP,MO_100001_3,MO_4_e,
,,NONE,MAP,MO_100001_3,VMR_9_4,
,,NONE,MAP,MO_100001_4,MO_4_e,
,,NONE,MAP,MO_100001_4,VMR_9_4,
,,NONE,MAP,MO_100001_5,MO_4_e,
,,NONE,MAP,MO_100001_5,VMR_9_4,
,,NONE,MAP,MO_100001_6,MO_4_e,
,,NONE,MAP,MO_100001_6,VMR_9_4,
,,NONE,MAP,MO_100001_7,MO_4_e,
,,NONE,MAP,MO_100001_7,VMR_9_4,
,,NONE,MAP,MO_100001_8,MO_4_e,
,,NONE,MAP,MO_100001_8,VMR_9_4,
,,NONE,MAP,MO_100001_9,MO_4_e,
,,NONE,MAP,MO_100001_9,VMR_9_4,
,,NONE,MAP,MO_100001_10,MO_4_e,
,,NONE,MAP,MO_100001_10,VMR_9_4,
,,NONE,MAP,MO_100001_11,MO_4_e,
,,NONE,MAP,MO_100001_11,VMR_9_4,
,,NONE,MAP,MO_100001_12,MO_4_e,
,,NONE,MAP,MO_100001_12,VMR_9_4,
,,NONE,MAP,MO_100001_13,MO_4_e,
,,NONE,MAP,MO_100001_13,VMR_9_4,
,,NONE,MAP,MO_100001_14,MO_4_e,
,,NONE,MAP,MO_100001_14,VMR_9_4,
,,NONE,MAP,MO_100001_15,MO_4_e,
,,NONE,MAP,MO_100001_15,VMR_9_4,
,,NONE,MAP,MO_100001_16,MO_4_e,
,,NONE,MAP,MO_100001_16,VMR_9_4,
,,NONE,MAP,MO_100001_17,MO_4_e,
,,NONE,MAP,MO_100001_17,VMR_9_4,
,,NONE,MAP,MO_100001_18,MO_4_e,
,,NONE,MAP,MO_100001_18,VMR_9_4,
,,NONE,MAP,MO_100001_19,MO_4_e,
,,NONE,MAP,MO_100001_19,VMR_9_4,
,,NONE,MAP,MO_100001_20,MO_4_e,
,,NONE,MAP,MO_100001_20,VMR_9_4,
,,NONE,MAP,MO_100001_21,MO_4_e,
,,NONE,MAP,MO_100001_21,VMR_9_4,
,,NONE,MAP,MO_100001_22,MO_4_e,
,,NONE,MAP,MO_100001_22,VMR_9_4,
,,NONE,MAP,MO_100001_23,MO_4_e,
,,NONE,MAP,MO_100001_23,VMR_9_4,
,,NONE,MAP,MO_100001_24,MO_4_e,
,,NONE,MAP,MO_100001_24,VMR_9_4,
,,NONE,MAP,MO_100001_25,MO_4_e,
,,NONE,MAP,MO_100001_25,VMR_9_4,
,,NONE,MAP,MO_100001_26,MO_4_e,
,,NONE,MAP,MO_100001_26,VMR_9_4,
,,NONE,MAP,MO_100001_27,MO_4_e,
,,NONE,MAP,MO_100001_27,VMR_9_4,
,,NONE,MAP,MO_100001_28,MO_4_e,
,,NONE,MAP,MO_100001_28,VMR_9_4,
,,NONE,MAP,MO_100001_29,MO_4_e,
,,NONE,MAP,MO_100001_29,VMR_9_4,
,,NONE,MAP,MO_100001_30,MO_4_e,
,,NONE,MAP,MO_100001_30,VMR_9_4,
,,NONE,MAP,MO_100001_31,MO_4_e,
,,NONE,MAP,MO_100001_31,VMR_9_4,
,,NONE,MAP,MO_100001_32,MO_4_e,
,,NONE,MAP,MO_100001_32,VMR_9_4,
,,NONE,MAP,MO_100001_33,MO_4_e,
,,NONE,MAP,MO_100001_33,VMR_9_4,
,,NONE,MAP,MO_100001_34,MO_4_e,
,,NONE,MAP,MO_100001_34,VMR_9_4,
,,NONE,MAP,MO_100001_35,MO_4_e,
,,NONE,MAP,MO_100001_35,VMR_9_4,
,,NONE,MAP,MO_100001_36,MO_4_e,
,,NONE,MAP,MO_100001_36,VMR_9_4,
,,NONE,MAP,MO_100001_37,MO_4_e,
,,NONE,MAP,MO_100001_37,VMR_9_4,
,,NONE,MAP,MO_100001_38,MO_4_e,
,,NONE,MAP,MO_100001_38,VMR_9_4,
,,NONE,MAP,MO_100001_39,MO_4_e,
,,NONE,MAP,MO_100001_39,VMR_9_4,
,,NONE,MAP,MO_100001_40,MO_4_e,
,,NONE,MAP,MO_100001_40,VMR_9_4,
,,NONE,MAP,MO_100001_41,MO_4_e,
,,NONE,MAP,MO_100001_41,VMR_9_4,
,,NONE,MAP,MO_100001_42,MO_4_e,
,,NONE,MAP,MO_100001_42,VMR_9_4,
,,NONE,MAP,MO_100001_43,MO_4_e,
,,NONE,MAP,MO_100001_43,VMR_9_4,
,,NONE,MAP,MO_100001_44,MO_4_e,
,,NONE,MAP,MO_100001_44,VMR_9_4,
,,NONE,MAP,MO_100001_45,MO_4_e,
,,NONE,MAP,MO_100001_45,VMR_9_4,
,,NONE,MAP,MO_100001_46,MO_4_e,
,,NONE,MAP,MO_100001_46,VMR_9_4,
,,NONE,MAP,MO_100001_47,MO_4_e,
,,NONE,MAP,MO_100001_47,VMR_9_4,
,,NONE,MAP,MO_100001_48,MO_4_e,
,,NONE,MAP,MO_100001_48,VMR_9_4,
,,NONE,MAP,MO_100001_49,MO_4_e,
,,NONE,MAP,MO_100001_49,VMR_9_4,
,,NONE,MAP,MO_100001_50,MO_4_e,
,,NONE,MAP,MO_100001_50,VMR_9_4,
,,NONE,MAP,MO_100001_51,MO_4_e,
,,NONE,MAP,MO_100001_51,VMR_9_4,
,,NONE,MAP,MO_100001_52,MO_4_e,
,,NONE,MAP,MO_100001_52,VMR_9_4,
,,NONE,MAP,MO_100001_53,MO_4_e,
,,NONE,MAP,MO_100001_53,VMR_9_4,
,,NONE,MAP,MO_100001_54,MO_4_e,
,,NONE,MAP,MO_100001_54,VMR_9_4,
,,NONE,MAP,MO_100001_55,MO_4_e,
,,NONE,MAP,MO_100001_55,VMR_9_4,
,,NONE,MAP,MO_100001_56,MO_4_e,
,,NONE,MAP,MO_100001_56,VMR_9_4,
,,NONE,MAP,MO_100001_57,MO_4_e,
,,NONE,MAP,MO_100001_57,VMR_9_4,
,,NONE,MAP,MO_100001_58,MO_4_e,
,,NONE,MAP,MO_100001_58,VMR_9_4,
,,NONE,MAP,MO_100001_59,MO_4_e,
,,NONE,MAP,MO_100001_59,VMR_9_4,
,,NONE,MAP,MO_100001_60,MO_4_e,
,,NONE,MAP,MO_100001_60,VMR_9_4,
,,NONE,MAP,MO_100001_61,MO_4_e,
,,NONE,MAP,MO_100001_61,VMR_9_4,
,,NONE,MAP,MO_100001_62,MO_4_e,
,,NONE,MAP,MO_100001_62,VMR_9_4,
,,NONE,MAP,MO_100001_63,MO_4_e,
,,NONE,MAP,MO_100001_63,VMR_9_4,
,,NONE,MAP,MO_100001_64,MO_4_e,
,,NONE,MAP,MO_100001_64,VMR_9_4,
,,NONE,MAP,MO_100001_65,MO_4_e,
,,NONE,MAP,MO_100001_65,VMR_9_4,
,,NONE,MAP,MO_100001_66,MO_4_e,
,,NONE,MAP,MO_100001_66,VMR_9_4,
,,NONE,MAP,MO_100001_67,MO_4_e,
,,NONE,MAP,MO_100001_67,VMR_9_4,
,,NONE,MAP,MO_100001_68,MO_4_e,
,,NONE,MAP,MO_100001_68,VMR_9_4,
,,NONE,MAP,MO_100001_69,MO_4_e,
,,NONE,MAP,MO_100001_69,VMR_9_4,
,,NONE,MAP,MO_100001_70,MO_4_e,
,,NONE,MAP,MO_100001_70,VMR_9_4,
,,NONE,MAP,MO_100001_71,MO_4_e,
,,NONE,MAP,MO_100001_71,VMR_9_4,
,,NONE,MAP,MO_100001_72,MO_4_e,
,,NONE,MAP,MO_100001_72,VMR_9_4,
,,NONE,MAP,MO_100001_73,MO_4_e,
,,NONE,MAP,MO_100001_73,VMR_9_4,
,,NONE,MAP,MO_100001_74,MO_4_e,
,,NONE,MAP,MO_100001_74,VMR_9_4,
,,NONE,MAP,MO_100001_75,MO_4_e,
,,NONE,MAP,MO_100001_75,VMR_9_4,
,,NONE,MAP,MO_100001_76,MO_4_e,
,,NONE,MAP,MO_100001_76,VMR_9_4,
,,NONE,MAP,MO_100001_77,MO_4_e,
,,NONE,MAP,MO_100001_77,VMR_9_4,
,,NONE,MAP,MO_100001_78,MO_4_e,
,,NONE,MAP,MO_100001_78,VMR_9_4,
,,NONE,MAP,MO_100001_79,MO_4_e,
,,NONE,MAP,MO_100001_79,VMR_9_4,
,,NONE,MAP,MO_100001_80,MO_4_e,
,,NONE,MAP,MO_100001_80,VMR_9_4,
,,NONE,MAP,MO_100001_81,MO_4_e,
,,NONE,MAP,MO_100001_81,VMR_9_4,
,,NONE,MAP,MO_100001_82,MO_4_e,
,,NONE,MAP,MO_100001_82,VMR_9_4,
,,NONE,MAP,MO_100001_83,MO_4_e,
,,NONE,MAP,MO_100001_83,VMR_9_4,
,,NONE,MAP,MO_100001_84,MO_4_e,
,,NONE,MAP,MO_100001_84,VMR_9_4,
,,NONE,MAP,MO_100001_85,MO_4_e,
,,NONE,MAP,MO_100001_85,VMR_9_4,
,,NONE,MAP,MO_100001_86,MO_4_e,
,,NONE,MAP,MO_100001_86,VMR_9_4,
,,NONE,MAP,MO_100001_87,MO_4_e,
,,NONE,MAP,MO_100001_87,VMR_9_4,
,,NONE,MAP,MO_100001_88,MO_4_e,
,,NONE,MAP,MO_100001_88,VMR_9_4,
,,NONE,MAP,MO_100001_89,MO_4_e,
,,NONE,MAP,MO_100001_89,VMR_9_4,
,,NONE,MAP,MO_100001_90,MO_4_e,
,,NONE,MAP,MO_100001_90,VMR_9_4,
,,NONE,MAP,MO_100001_91,MO_4_e,
,,NONE,MAP,MO_100001_91,VMR_9_4,
,,NONE,MAP,MO_100001_92,MO_4_e,
,,NONE,MAP,MO_100001_92,VMR_9_4,
,,NONE,MAP,MO_100001_93,MO_4_e,
,,NONE,MAP,MO_100001_93,VMR_9_4,
,,NONE,MAP,MO_100001_94,MO_4_e,
,,NONE,MAP,MO_100001_94,VMR_9_4,
,,NONE,MAP,MO_100001_95,MO_4_e,
,,NONE,MAP,MO_100001_95,VMR_9_4,
,,NONE,MAP,MO_100001_96,MO_4_e,
,,NONE,MAP,MO_100001_96,VMR_9_4,
,,NONE,MAP,MO_100001_97,MO_4_e,
,,NONE,MAP,MO_100001_97,VMR_9_4,
,,NONE,MAP,MO_100001_98,MO_4_e,
,,NONE,MAP,MO_100001_98,VMR_9_4,
,,NONE,MAP,MO_100001_99,MO_4_e,
,,NONE,MAP,MO_100001_99,VMR_9_4,
,,NONE,MAP,MO_100001_100,MO_4_e,
,,NONE,MAP,MO_100001_100,VMR_9_4,
,,NONE,MAP,MO_100001_101,MO_4_e,
,,NONE,MAP,MO_100001_101,VMR_9_4,
,,NONE,MAP,MO_100001_102,MO_4_e,
,,NONE,MAP,MO_100001_102,VMR_9_4,
,,NONE,MAP,MO_100001_103,MO_4_e,
,,NONE,MAP,MO_100001_103,VMR_9_4,
,,NONE,MAP,MO_100001_104,MO_4_e,
,,NONE,MAP,MO_100001_104,VMR_9_4,
,,NONE,MAP,MO_100001_105,MO_4_e,
,,NONE,MAP,MO_100001_105,VMR_9_4,
,,NONE,MAP,MO_100001_106,MO_4_e,
,,NONE,MAP,MO_100001_106,VMR_9_4,
,,NONE,MAP,MO_100001_107,MO_4_e,
,,NONE,MAP,MO_100001_107,VMR_9_4,
,,NONE,MAP,MO_100001_108,MO_4_e,
,,NONE,MAP,MO_100001_108,VMR_9_4,
,,NONE,MAP,MO_100001_109,MO_4_e,
,,NONE,MAP,MO_100001_109,VMR_9_4,
,,NONE,MAP,MO_100001_110,MO_4_e,
,,NONE,MAP,MO_100001_110,VMR_9_4,
,,NONE,MAP,MO_100001_111,MO_4_e,
,,NONE,MAP,MO_100001_111,VMR_9_4,
,,NONE,MAP,MO_100001_112,MO_4_e,
,,NONE,MAP,MO_100001_112,VMR_9_4,
,,NONE,MAP,MO_100001_113,MO_4_e,
,,NONE,MAP,MO_100001_113,VMR_9_4,
,,NONE,MAP,MO_100001_114,MO_4_e,
,,NONE,MAP,MO_100001_114,VMR_9_4,
,,NONE,MAP,MO_100001_115,MO_4_e,
,,NONE,MAP,MO_100001_115,VMR_9_4,
,,NONE,MAP,MO_100001_116,MO_4_e,
,,NONE,MAP,MO_100001_116,VMR_9_4,
,,NONE,MAP,MO_100001_117,MO_4_e,
,,NONE,MAP,MO_100001_117,VMR_9_4,
,,NONE,MAP,MO_100001_118,MO_4_e,
,,NONE,MAP,MO_100001_118,VMR_9_4,
,,NONE,MAP,MO_100001_119,MO_4_e,
,,NONE,MAP,MO_100001_119,VMR_9_4,
,,NONE,MAP,MO_100001_120,MO_4_e,
,,NONE,MAP,MO_100001_120,VMR_9_4,
,,NONE,MAP,MO_100001_121,MO_4_e,
,,NONE,MAP,MO_100001_121,VMR_9_4,
,,NONE,MAP,MO_100001_122,MO_4_e,
,,NONE,MAP,MO_100001_122,VMR_9_4,
,,NONE,MAP,MO_100001_123,MO_4_e,
,,NONE,MAP,MO_100001_123,VMR_9_4,
,,NONE,MAP,MO_100001_124,MO_4_e,
,,NONE,MAP,MO_100001_124,VMR_9_4,
,,NONE,MAP,MO_100001_125,MO_4_e,
,,NONE,MAP,MO_100001_125,VMR_9_4,
,,NONE,MAP,MO_100001_126,MO_4_e,
,,NONE,MAP,MO_100001_126,VMR_9_4,
,,NONE,MAP,MO_100001_127,MO_4_e,
,,NONE,MAP,MO_100001_127,VMR_9_4,
,,NONE,MAP,MO_100001_128,MO_4_e,
,,NONE,MAP,MO_100001_128,VMR_9_4,
,,NONE,MAP,MO_100001_129,MO_4_e,
,,NONE,MAP,MO_100001_129,VMR_9_4,
,,NONE,MAP,MO_100001_130,MO_4_e,
,,NONE,MAP,MO_100001_130,VMR_9_4,
,,NONE,MAP,MO_100001_131,MO_4_e,
,,NONE,MAP,MO_100001_131,VMR_9_4,
,,NONE,MAP,MO_100001_132,MO_4_e,
,,NONE,MAP,MO_100001_132,VMR_9_4,
,,NONE,MAP,MO_100001_133,MO_4_e,
,,NONE,MAP,MO_100001_133,VMR_9_4,
,,NONE,MAP,MO_100001_134,MO_4_e,
,,NONE,MAP,MO_100001_134,VMR_9_4,
,,NONE,MAP,MO_100001_135,MO_4_e,
,,NONE,MAP,MO_100001_135,VMR_9_4,
,,NONE,MAP,MO_100001_136,MO_4_e,
,,NONE,MAP,MO_100001_136,VMR_9_4,
,,NONE,MAP,MO_100001_137,MO_4_e,
,,NONE,MAP,MO_100001_137,VMR_9_4,
,,NONE,MAP,MO_100001_138,MO_4_e,
,,NONE,MAP,MO_100001_138,VMR_9_4,
,,NONE,MAP,MO_100001_139,MO_4_e,
,,NONE,MAP,MO_100001_139,VMR_9_4,
,,NONE,MAP,MO_100001_140,MO_4_e,
,,NONE,MAP,MO_100001_140,VMR_9_4,
,,NONE,MAP,MO_100001_141,MO_4_e,
,,NONE,MAP,MO_100001_141,VMR_9_4,
,,NONE,MAP,MO_100001_142,MO_4_e,
,,NONE,MAP,MO_100001_142,VMR_9_4,
,,NONE,MAP,MO_100001_143,MO_4_e,
,,NONE,MAP,MO_100001_143,VMR_9_4,
,,NONE,MAP,MO_100001_144,MO_4_e,
,,NONE,MAP,MO_100001_144,VMR_9_4,
,,NONE,MAP,MO_100001_145,MO_4_e,
,,NONE,MAP,MO_100001_145,VMR_9_4,
,,NONE,MAP,MO_100001_146,MO_4_e,
,,NONE,MAP,MO_100001_146,VMR_9_4,
,,NONE,MAP,MO_100001_147,MO_4_e,
,,NONE,MAP,MO_100001_147,VMR_9_4,
,,NONE,MAP,MO_100001_148,MO_4_e,
,,NONE,MAP,MO_100001_148,VMR_9_4,
,,NONE,MAP,MO_100001_149,MO_4_e,
,,NONE,MAP,MO_100001_149,VMR_9_4,
,,NONE,MAP,MO_100001_150,MO_4_e,
,,NONE,MAP,MO_100001_150,VMR_9_4,
,,NONE,MAP,MO_100001_151,MO_4_e,
,,NONE,MAP,MO_100001_151,VMR_9_4,
,,NONE,MAP,MO_100001_152,MO_4_e,
,,NONE,MAP,MO_100001_152,VMR_9_4,
,,NONE,MAP,MO_100001_153,MO_4_e,
,,NONE,MAP,MO_100001_153,VMR_9_4,
,,NONE,MAP,MO_100001_154,MO_4_e,
,,NONE,MAP,MO_100001_154,VMR_9_4,
,,NONE,MAP,MO_100001_155,MO_4_e,
,,NONE,MAP,MO_100001_155,VMR_9_4,
,,NONE,MAP,MO_100001_156,MO_4_e,
,,NONE,MAP,MO_100001_156,VMR_9_4,
,,NONE,MAP,MO_100001_157,MO_4_e,
,,NONE,MAP,MO_100001_157,VMR_9_4,
,,NONE,MAP,MO_100001_158,MO_4_e,
,,NONE,MAP,MO_100001_158,VMR_9_4,
,,NONE,MAP,MO_100001_159,MO_4_e,
,,NONE,MAP,MO_100001_159,VMR_9_4,
,,NONE,MAP,MO_100001_160,MO_4_e,
,,NONE,MAP,MO_100001_160,VMR_9_4,
,,NONE,MAP,MO_100001_161,MO_4_e,
,,NONE,MAP,MO_100001_161,VMR_9_4,
,,NONE,MAP,MO_100001_162,MO_4_e,
,,NONE,MAP,MO_100001_162,VMR_9_4,
,,NONE,MAP,MO_100001_163,MO_4_e,
,,NONE,MAP,MO_100001_163,VMR_9_4,
,,NONE,MAP,MO_100001_164,MO_4_e,
,,NONE,MAP,MO_100001_164,VMR_9_4,
,,NONE,MAP,MO_100001_165,MO_4_e,
,,NONE,MAP,MO_100001_165,VMR_9_4,
,,NONE,MAP,MO_100001_166,MO_4_e,
,,NONE,MAP,MO_100001_166,VMR_9_4,
,,NONE,MAP,MO_100001_167,MO_4_e,
,,NONE,MAP,MO_100001_167,VMR_9_4,
,,NONE,MAP,MO_100001_168,MO_4_e,
,,NONE,MAP,MO_100001_168,VMR_9_4,
,,NONE,MAP,MO_100001_169,MO_4_e,
,,NONE,MAP,MO_100001_169,VMR_9_4,
,,NONE,MAP,MO_100001_170,MO_4_e,
,,NONE,MAP,MO_100001_170,VMR_9_4,
,,NONE,MAP,MO_100001_171,MO_4_e,
,,NONE,MAP,MO_100001_171,VMR_9_4,
,,NONE,MAP,MO_100001_172,MO_4_e,
,,NONE,MAP,MO_100001_172,VMR_9_4,
,,NONE,MAP,MO_100001_173,MO_4_e,
,,NONE,MAP,MO_100001_173,VMR_9_4,
,,NONE,MAP,MO_100001_174,MO_4_e,
,,NONE,MAP,MO_100001_174,VMR_9_4,
,,NONE,MAP,MO_100001_175,MO_4_e,
,,NONE,MAP,MO_100001_175,VMR_9_4,
,,NONE,MAP,MO_100001_176,MO_4_e,
,,NONE,MAP,MO_100001_176,VMR_9_4,
,,NONE,MAP,MO_100001_177,MO_4_e,
,,NONE,MAP,MO_100001_177,VMR_9_4,
,,NONE,MAP,MO_100001_178,MO_4_e,
,,NONE,MAP,MO_100001_178,VMR_9_4,
,,NONE,MAP,MO_100001_179,MO_4_e,
,,NONE,MAP,MO_100001_179,VMR_9_4,
,,NONE,MAP,MO_100001_180,MO_4_e,
,,NONE,MAP,MO_100001_180,VMR_9_4,
,,NONE,MAP,MO_100001_181,MO_4_e,
,,NONE,MAP,MO_100001_181,VMR_9_4,
,,NONE,MAP,MO_100001_182,MO_4_e,
,,NONE,MAP,MO_100001_182,VMR_9_4,
,,NONE,MAP,MO_100001_183,MO_4_e,
,,NONE,MAP,MO_100001_183,VMR_9_4,
,,NONE,MAP,MO_100001_184,MO_4_e,
,,NONE,MAP,MO_100001_184,VMR_9_4,
,,NONE,MAP,MO_100001_185,MO_4_e,
,,NONE,MAP,MO_100001_185,VMR_9_4,
,,NONE,MAP,MO_100001_186,MO_4_e,
,,NONE,MAP,MO_100001_186,VMR_9_4,
,,NONE,MAP,MO_100001_187,MO_4_e,
,,NONE,MAP,MO_100001_187,VMR_9_4,
,,NONE,MAP,MO_100001_188,MO_4_e,
,,NONE,MAP,MO_100001_188,VMR_9_4,
,,NONE,MAP,MO_100001_189,MO_4_e,
,,NONE,MAP,MO_100001_189,VMR_9_4,
,,NONE,MAP,MO_100001_190,MO_4_e,
,,NONE,MAP,MO_100001_190,VMR_9_4,
,,NONE,MAP,MO_100001_191,MO_4_e,
,,NONE,MAP,MO_100001_191,VMR_9_4,
,,NONE,MAP,MO_100001_192,MO_4_e,
,,NONE,MAP,MO_100001_192,VMR_9_4,
,,NONE,MAP,MO_100001_193,MO_4_e,
,,NONE,MAP,MO_100001_193,VMR_9_4,
,,NONE,MAP,MO_100001_194,MO_4_e,
,,NONE,MAP,MO_100001_194,VMR_9_4,
,,NONE,MAP,MO_100001_195,MO_4_e,
,,NONE,MAP,MO_100001_195,VMR_9_4,
,,NONE,MAP,MO_100001_196,MO_4_e,
,,NONE,MAP,MO_100001_196,VMR_9_4,
,,NONE,MAP,MO_100001_197,MO_4_e,
,,NONE,MAP,MO_100001_197,VMR_9_4,
,,NONE,MAP,MO_100001_198,MO_4_e,
,,NONE,MAP,MO_100001_198,VMR_9_4,
,,NONE,MAP,MO_100001_199,MO_4_e,
,,NONE,MAP,MO_100001_199,VMR_9_4,
,,NONE,MAP,MO_100001_200,MO_4_e,
,,NONE,MAP,MO_100001_200,VMR_9_4,
,,NONE,MAP,MO_100001_201,MO_4_e,
,,NONE,MAP,MO_100001_201,VMR_9_4,
,,NONE,MAP,MO_100001_202,MO_4_e,
,,NONE,MAP,MO_100001_202,VMR_9_4,
,,NONE,MAP,MO_100001_203,MO_4_e,
,,NONE,MAP,MO_100001_203,VMR_9_4,
,,NONE,MAP,MO_100001_204,MO_4_e,
,,NONE,MAP,MO_100001_204,VMR_9_4,
,,NONE,MAP,MO_100001_205,MO_4_e,
,,NONE,MAP,MO_100001_205,VMR_9_4,
,,NONE,MAP,MO_100001_206,MO_4_e,
,,NONE,MAP,MO_100001_206,VMR_9_4,
,,NONE,MAP,MO_100001_207,MO_4_e,
,,NONE,MAP,MO_100001_207,VMR_9_4,
,,NONE,MAP,MO_100001_208,MO_4_e,
,,NONE,MAP,MO_100001_208,VMR_9_4,
,,NONE,MAP,MO_100001_209,MO_4_e,
,,NONE,MAP,MO_100001_209,VMR_9_4,
,,NONE,MAP,MO_100001_210,MO_4_e,
,,NONE,MAP,MO_100001_210,VMR_9_4,
,,NONE,MAP,MO_100001_211,MO_4_e,
,,NONE,MAP,MO_100001_211,VMR_9_4,
,,NONE,MAP,MO_100001_212,MO_4_e,
,,NONE,MAP,MO_100001_212,VMR_9_4,
,,NONE,MAP,MO_100001_213,MO_4_e,
,,NONE,MAP,MO_100001_213,VMR_9_4,
,,NONE,MAP,MO_100001_214,MO_4_e,
,,NONE,MAP,MO_100001_214,VMR_9_4,
,,NONE,MAP,MO_100001_215,MO_4_e,
,,NONE,MAP,MO_100001_215,VMR_9_4,
,,NONE,MAP,MO_100001_216,MO_4_e,
,,NONE,MAP,MO_100001_216,VMR_9_4,
,,NONE,MAP,MO_100001_217,MO_4_e,
,,NONE,MAP,MO_100001_217,VMR_9_4,
,,NONE,MAP,MO_100001_218,MO_4_e,
,,NONE,MAP,MO_100001_218,VMR_9_4,
,,NONE,MAP,MO_100001_219,MO_4_e,
,,NONE,MAP,MO_100001_219,VMR_9_4,
,,NONE,MAP,MO_100001_220,MO_4_e,
,,NONE,MAP,MO_100001_220,VMR_9_4,
,,NONE,MAP,MO_100001_221,MO_4_e,
,,NONE,MAP,MO_100001_221,VMR_9_4,
,,NONE,MAP,MO_100001_222,MO_4_e,
,,NONE,MAP,MO_100001_222,VMR_9_4,
,,NONE,MAP,MO_100001_223,MO_4_e,
,,NONE,MAP,MO_100001_223,VMR_9_4,
,,NONE,MAP,MO_100001_224,MO_4_e,
,,NONE,MAP,MO_100001_224,VMR_9_4,
,,NONE,MAP,MO_100001_225,MO_4_e,
,,NONE,MAP,MO_100001_225,VMR_9_4,
,,NONE,MAP,MO_100001_226,MO_4_e,
,,NONE,MAP,MO_100001_226,VMR_9_4,
,,NONE,MAP,MO_100001_227,MO_4_e,
,,NONE,MAP,MO_100001_227,VMR_9_4,
,,NONE,MAP,MO_100001_228,MO_4_e,
,,NONE,MAP,MO_100001_228,VMR_9_4,
,,NONE,MAP,MO_100001_229,MO_4_e,
,,NONE,MAP,MO_100001_229,VMR_9_4,
,,NONE,MAP,MO_100001_230,MO_4_e,
,,NONE,MAP,MO_100001_230,VMR_9_4,
,,NONE,MAP,MO_100001_231,MO_4_e,
,,NONE,MAP,MO_100001_231,VMR_9_4,
,,NONE,MAP,MO_100001_232,MO_4_e,
,,NONE,MAP,MO_100001_232,VMR_9_4,
,,NONE,MAP,MO_100001_233,MO_4_e,
,,NONE,MAP,MO_100001_233,VMR_9_4,
,,NONE,MAP,MO_100001_234,MO_4_e,
,,NONE,MAP,MO_100001_234,VMR_9_4,
,,NONE,MAP,MO_100001_235,MO_4_e,
,,NONE,MAP,MO_100001_235,VMR_9_4,
,,NONE,MAP,MO_100001_236,MO_4_e,
,,NONE,MAP,MO_100001_236,VMR_9_4,
,,NONE,MAP,MO_100001_237,MO_4_e,
,,NONE,MAP,MO_100001_237,VMR_9_4,
,,NONE,MAP,MO_100001_238,MO_4_e,
,,NONE,MAP,MO_100001_238,VMR_9_4,
,,NONE,MAP,MO_100001_239,MO_4_e,
,,NONE,MAP,MO_100001_239,VMR_9_4,
,,NONE,MAP,MO_100001_240,MO_4_e,
,,NONE,MAP,MO_100001_240,VMR_9_4,
,,NONE,MAP,MO_100001_241,MO_4_e,
,,NONE,MAP,MO_100001_241,VMR_9_4,
,,NONE,MAP,MO_100001_242,MO_4_e,
,,NONE,MAP,MO_100001_242,VMR_9_4,
,,NONE,MAP,MO_100001_243,MO_4_e,
,,NONE,MAP,MO_100001_243,VMR_9_4,
,,NONE,MAP,MO_100001_244,MO_4_e,
,,NONE,MAP,MO_100001_244,VMR_9_4,
,,NONE,MAP,MO_100001_245,MO_4_e,
,,NONE,MAP,MO_100001_245,VMR_9_4,
,,NONE,MAP,MO_100001_246,MO_4_e,
,,NONE,MAP,MO_100001_246,VMR_9_4,
,,NONE,MAP,MO_100001_247,MO_4_e,
,,NONE,MAP,MO_100001_247,VMR_9_4,
,,NONE,MAP,MO_100001_248,MO_4_e,
,,NONE,MAP,MO_100001_248,VMR_9_4,
,,NONE,MAP,MO_100001_249,MO_4_e,
,,NONE,MAP,MO_100001_249,VMR_9_4,
,,NONE,MAP,MO_100001_250,MO_4_e,
,,NONE,MAP,MO_100001_250,VMR_9_4,
,,NONE,MAP,MO_100001_251,MO_4_e,
,,NONE,MAP,MO_100001_251,VMR_9_4,
,,NONE,MAP,MO_100001_252,MO_4_e,
,,NONE,MAP,MO_100001_252,VMR_9_4,
,,NONE,MAP,MO_100001_253,MO_4_e,
,,NONE,MAP,MO_100001_253,VMR_9_4,
,,NONE,MAP,MO_100001_254,MO_4_e,
,,NONE,MAP,MO_100001_254,VMR_9_4,
,,NONE,MAP,MO_100001_255,MO_4_e,
,,NONE,MAP,MO_100001_255,VMR_9_4,
,,NONE,MAP,MO_100001_256,MO_4_e,
,,NONE,MAP,MO_100001_256,VMR_9_4,
,,NONE,MAP,MO_100001_257,MO_4_e,
,,NONE,MAP,MO_100001_257,VMR_9_4,
,,NONE,MAP,MO_100001_258,MO_4_e,
,,NONE,MAP,MO_100001_258,VMR_9_4,
,,NONE,MAP,MO_100001_259,MO_4_e,
,,NONE,MAP,MO_100001_259,VMR_9_4,
,,NONE,MAP,MO_100001_260,MO_4_e,
,,NONE,MAP,MO_100001_260,VMR_9_4,
,,NONE,MAP,MO_100001_261,MO_4_e,
,,NONE,MAP,MO_100001_261,VMR_9_4,
,,NONE,MAP,MO_100001_262,MO_4_e,
,,NONE,MAP,MO_100001_262,VMR_9_4,
,,NONE,MAP,MO_100001_263,MO_4_e,
,,NONE,MAP,MO_100001_263,VMR_9_4,
,,NONE,MAP,MO_100001_264,MO_4_e,
,,NONE,MAP,MO_100001_264,VMR_9_4,
,,NONE,MAP,MO_100001_265,MO_4_e,
,,NONE,MAP,MO_100001_265,VMR_9_4,
,,NONE,MAP,MO_100001_266,MO_4_e,
,,NONE,MAP,MO_100001_266,VMR_9_4,
,,NONE,MAP,MO_100001_267,MO_4_e,
,,NONE,MAP,MO_100001_267,VMR_9_4,
,,NONE,MAP,MO_100001_268,MO_4_e,
,,NONE,MAP,MO_100001_268,VMR_9_4,
,,NONE,MAP,MO_100001_269,MO_4_e,
,,NONE,MAP,MO_100001_269,VMR_9_4,
,,NONE,MAP,MO_100001_270,MO_4_e,
,,NONE,MAP,MO_100001_270,VMR_9_4,
,,NONE,MAP,MO_100001_271,MO_4_e,
,,NONE,MAP,MO_100001_271,VMR_9_4,
,,NONE,MAP,MO_100001_272,MO_4_e,
,,NONE,MAP,MO_100001_272,VMR_9_4,
,,NONE,MAP,MO_100001_273,MO_4_e,
,,NONE,MAP,MO_100001_273,VMR_9_4,
,,NONE,MAP,MO_100001_274,MO_4_e,
,,NONE,MAP,MO_100001_274,VMR_9_4,
,,NONE,MAP,MO_100001_275,MO_4_e,
,,NONE,MAP,MO_100001_275,VMR_9_4,
,,NONE,MAP,MO_100001_276,MO_4_e,
,,NONE,MAP,MO_100001_276,VMR_9_4,
,,NONE,MAP,MO_100001_277,MO_4_e,
,,NONE,MAP,MO_100001_277,VMR_9_4,
,,NONE,MAP,MO_100001_278,MO_4_e,
,,NONE,MAP,MO_100001_278,VMR_9_4,
,,NONE,MAP,MO_100001_279,MO_4_e,
,,NONE,MAP,MO_100001_279,VMR_9_4,
,,NONE,MAP,MO_100001_280,MO_4_e,
,,NONE,MAP,MO_100001_280,VMR_9_4,
,,NONE,MAP,MO_100001_281,MO_4_e,
,,NONE,MAP,MO_100001_281,VMR_9_4,
,,NONE,MAP,MO_100001_282,MO_4_e,
,,NONE,MAP,MO_100001_282,VMR_9_4,
,,NONE,MAP,MO_100001_283,MO_4_e,
,,NONE,MAP,MO_100001_283,VMR_9_4,
,,NONE,MAP,MO_100001_284,MO_4_e,
,,NONE,MAP,MO_100001_284,VMR_9_4,
