:START_ID,DATA,:END_ID,:TYPE
PD_100001,RWX,VMR_100002_1,HOLD
PD_100001,RWX,VMR_100002_2,HOLD
PD_100001,RWX,VMR_100002_3,HOLD
PD_100001,RWX,VMR_100002_4,HOLD
PD_100001,RWX,VMR_100002_5,HOLD
PD_100001,RWX,VMR_100002_6,HOLD
PD_100001,RWX,VMR_100002_7,HOLD
PD_100001,RWX,VMR_100002_8,HOLD
PD_100001,RWX,VMR_100002_9,HOLD
PD_100001,RWX,VMR_100002_10,HOLD
PD_100001,RWX,VMR_100002_11,HOLD
PD_100001,RWX,VMR_100002_12,HOLD
PD_100001,RWX,VMR_100002_13,HOLD
PD_100001,RWX,VMR_100002_14,HOLD
PD_100001,RWX,VMR_100002_15,HOLD
PD_100001,RWX,VMR_100002_16,HOLD
PD_100001,RWX,VMR_100002_17,HOLD
PD_100001,RWX,VMR_100002_18,HOLD
PD_100001,RWX,VMR_100002_19,HOLD
PD_100001,RWX,VMR_100002_20,HOLD
PD_100001,RWX,VMR_100002_21,HOLD
PD_100001,RWX,VMR_100002_22,HOLD
PD_100001,RWX,VMR_100002_23,HOLD
PD_100001,RWX,VMR_100002_24,HOLD
PD_100001,RWX,VMR_100002_25,HOLD
PD_100001,RWX,VMR_100002_26,HOLD
PD_100001,RWX,VMR_100002_27,HOLD
PD_100001,RWX,VMR_100002_28,HOLD
PD_100001,RWX,VMR_100002_29,HOLD
PD_100001,RWX,VMR_100002_30,HOLD
PD_100001,RWX,VMR_100002_31,HOLD
PD_100001,RWX,VMR_100002_32,HOLD
PD_100001,RWX,VMR_100002_33,HOLD
PD_100001,RWX,VMR_100002_34,HOLD
PD_100001,RWX,VMR_100002_35,HOLD
PD_100001,RWX,VMR_100002_36,HOLD
PD_100001,RWX,VMR_100002_37,HOLD
PD_100001,RWX,VMR_100002_38,HOLD
PD_100001,RWX,VMR_100002_39,HOLD
PD_100001,RWX,VMR_100002_40,HOLD
PD_100001,RWX,VMR_100002_41,HOLD
PD_100001,RWX,VMR_100002_42,HOLD
PD_100001,RWX,VMR_100002_43,HOLD
PD_100001,RWX,VMR_100002_44,HOLD
PD_100001,RWX,VMR_100002_45,HOLD
PD_100001,RWX,VMR_100002_46,HOLD
PD_100001,RWX,VMR_100002_47,HOLD
PD_100001,RWX,VMR_100002_48,HOLD
PD_100001,RWX,VMR_100002_49,HOLD
PD_100001,RWX,VMR_100002_50,HOLD
PD_100001,RWX,VMR_100002_51,HOLD
PD_100001,RWX,VMR_100002_52,HOLD
PD_100001,RWX,VMR_100002_53,HOLD
PD_100001,RWX,VMR_100002_54,HOLD
PD_100001,RWX,VMR_100002_55,HOLD
PD_100001,RWX,VMR_100002_56,HOLD
PD_100001,RWX,VMR_100002_57,HOLD
PD_100001,RWX,VMR_100002_58,HOLD
PD_100001,RWX,VMR_100002_59,HOLD
PD_100001,RWX,VMR_100002_60,HOLD
PD_100001,RWX,VMR_100002_61,HOLD
PD_100001,RWX,VMR_100002_62,HOLD
PD_100001,RWX,VMR_100002_63,HOLD
PD_100001,RWX,VMR_100002_64,HOLD
PD_100001,RWX,VMR_100002_65,HOLD
PD_100001,RWX,VMR_100002_66,HOLD
PD_100001,RWX,VMR_100002_67,HOLD
PD_100001,RWX,VMR_100002_68,HOLD
PD_100001,RWX,VMR_100002_69,HOLD
PD_100001,RWX,VMR_100002_70,HOLD
PD_100001,RWX,VMR_100002_71,HOLD
PD_100001,RWX,VMR_100002_72,HOLD
PD_100001,RWX,VMR_100002_73,HOLD
PD_100001,RWX,VMR_100002_74,HOLD
PD_100001,RWX,VMR_100002_75,HOLD
PD_100001,RWX,VMR_100002_76,HOLD
PD_100001,RWX,VMR_100002_77,HOLD
PD_100001,RWX,VMR_100002_78,HOLD
PD_100001,RWX,VMR_100002_79,HOLD
PD_100001,RWX,VMR_100002_80,HOLD
PD_100001,RWX,VMR_100002_81,HOLD
PD_100001,RWX,VMR_100002_82,HOLD
PD_100001,RWX,VMR_100002_83,HOLD
PD_100001,RWX,VMR_100002_84,HOLD
PD_100001,RWX,VMR_100002_85,HOLD
PD_100001,RWX,VMR_100002_86,HOLD
PD_100001,RWX,VMR_100002_87,HOLD
PD_100001,RWX,VMR_100002_88,HOLD
PD_100001,RWX,VMR_100002_89,HOLD
PD_100001,RWX,VMR_100002_90,HOLD
PD_100001,RWX,VMR_100002_91,HOLD
PD_100001,RWX,VMR_100002_92,HOLD
PD_100001,RWX,VMR_100002_93,HOLD
PD_100001,RWX,VMR_100002_94,HOLD
PD_100001,RWX,VMR_100002_95,HOLD
PD_100001,RWX,VMR_100002_96,HOLD
PD_100001,RWX,VMR_100002_97,HOLD
PD_100001,RWX,VMR_100002_98,HOLD
PD_100001,RWX,VMR_100002_99,HOLD
PD_100001,RWX,VMR_100002_100,HOLD
PD_100001,RWX,VMR_100002_101,HOLD
PD_100001,RWX,VMR_100002_102,HOLD
PD_100001,RWX,VMR_100002_103,HOLD
PD_100001,RWX,VMR_100002_104,HOLD
PD_100001,RWX,VMR_100002_105,HOLD
PD_100001,RWX,VMR_100002_106,HOLD
PD_100001,RWX,VMR_100002_107,HOLD
PD_100001,RWX,VMR_100002_108,HOLD
PD_100001,RWX,VMR_100002_109,HOLD
PD_100001,RWX,VMR_100002_110,HOLD
PD_100001,RWX,VMR_100002_111,HOLD
PD_100001,RWX,VMR_100002_112,HOLD
PD_100001,RWX,VMR_100002_113,HOLD
PD_100001,RWX,VMR_100002_114,HOLD
PD_100001,RWX,VMR_100002_115,HOLD
PD_100001,RWX,VMR_100002_116,HOLD
PD_100001,RWX,VMR_100002_117,HOLD
PD_100001,RWX,VMR_100002_118,HOLD
PD_100001,RWX,VMR_100002_119,HOLD
PD_100001,RWX,VMR_100002_120,HOLD
PD_100001,RWX,VMR_100002_121,HOLD
PD_100001,RWX,VMR_100002_122,HOLD
PD_100001,RWX,VMR_100002_123,HOLD
PD_100001,RWX,VMR_100002_124,HOLD
PD_100001,RWX,VMR_100002_125,HOLD
PD_100001,RWX,VMR_100002_126,HOLD
PD_100001,RWX,VMR_100002_127,HOLD
PD_100001,RWX,VMR_100002_128,HOLD
PD_100001,RWX,VMR_100002_129,HOLD
PD_100001,RWX,VMR_100002_130,HOLD
PD_100001,RWX,VMR_100002_131,HOLD
PD_100001,RWX,VMR_100002_132,HOLD
PD_100001,RWX,VMR_100002_133,HOLD
PD_100001,RWX,VMR_100002_134,HOLD
PD_100001,RWX,VMR_100002_135,HOLD
PD_100001,RWX,VMR_100002_136,HOLD
PD_100001,RWX,VMR_100002_137,HOLD
PD_100001,RWX,VMR_100002_138,HOLD
PD_100001,RWX,VMR_100002_139,HOLD
PD_100001,RWX,VMR_100002_140,HOLD
PD_100001,RWX,VMR_100002_141,HOLD
PD_100001,RWX,VMR_100002_142,HOLD
PD_100001,RWX,VMR_100002_143,HOLD
PD_100001,RWX,VMR_100002_144,HOLD
PD_100001,RWX,VMR_100002_145,HOLD
PD_100001,RWX,VMR_100002_146,HOLD
PD_100001,RWX,VMR_100002_147,HOLD
PD_100001,RWX,VMR_100002_148,HOLD
PD_100001,RWX,VMR_100002_149,HOLD
PD_100001,RWX,VMR_100002_150,HOLD
PD_100001,RWX,VMR_100002_151,HOLD
PD_100001,RWX,VMR_100002_152,HOLD
PD_100001,RWX,VMR_100002_153,HOLD
PD_100001,RWX,VMR_100002_154,HOLD
PD_100001,RWX,VMR_100002_155,HOLD
PD_100001,RWX,VMR_100002_156,HOLD
PD_100001,RWX,VMR_100002_157,HOLD
PD_100001,RWX,VMR_100002_158,HOLD
PD_100001,RWX,VMR_100002_159,HOLD
PD_100001,RWX,VMR_100002_160,HOLD
PD_100001,RWX,VMR_100002_161,HOLD
PD_100001,RWX,VMR_100002_162,HOLD
PD_100001,RWX,VMR_100002_163,HOLD
PD_100001,RWX,VMR_100002_164,HOLD
PD_100001,RWX,VMR_100002_165,HOLD
PD_100001,RWX,VMR_100002_166,HOLD
PD_100001,RWX,VMR_100002_167,HOLD
PD_100001,RWX,VMR_100002_168,HOLD
PD_100001,RWX,VMR_100002_169,HOLD
PD_100001,RWX,VMR_100002_170,HOLD
PD_100001,RWX,VMR_100002_171,HOLD
PD_100001,RWX,VMR_100002_172,HOLD
PD_100001,RWX,VMR_100002_173,HOLD
PD_100001,RWX,VMR_100002_174,HOLD
PD_100001,RWX,VMR_100002_175,HOLD
PD_100001,RWX,VMR_100002_176,HOLD
PD_100001,RWX,VMR_100002_177,HOLD
PD_100001,RWX,VMR_100002_178,HOLD
PD_100001,RWX,VMR_100002_179,HOLD
PD_100001,RWX,VMR_100002_180,HOLD
PD_100001,RWX,VMR_100002_181,HOLD
PD_100001,RWX,VMR_100002_182,HOLD
PD_100001,RWX,VMR_100002_183,HOLD
PD_100001,RWX,VMR_100002_184,HOLD
PD_100001,RWX,VMR_100002_185,HOLD
PD_100001,RWX,VMR_100002_186,HOLD
PD_100001,RWX,VMR_100002_187,HOLD
PD_100001,RWX,VMR_100002_188,HOLD
PD_100001,RWX,VMR_100002_189,HOLD
PD_100001,RWX,VMR_100002_190,HOLD
PD_100001,RWX,VMR_100002_191,HOLD
PD_100001,RWX,VMR_100002_192,HOLD
PD_100001,RWX,VMR_100002_193,HOLD
PD_100001,RWX,VMR_100002_194,HOLD
PD_100001,RWX,VMR_100002_195,HOLD
PD_100001,RWX,VMR_100002_196,HOLD
PD_100001,RWX,VMR_100002_197,HOLD
PD_100001,RWX,VMR_100002_198,HOLD
PD_100001,RWX,VMR_100002_199,HOLD
PD_100001,RWX,VMR_100002_200,HOLD
PD_100001,RWX,VMR_100002_201,HOLD
PD_100001,RWX,VMR_100002_202,HOLD
PD_100001,RWX,VMR_100002_203,HOLD
PD_100001,RWX,VMR_100002_204,HOLD
PD_100001,RWX,VMR_100002_205,HOLD
PD_100001,RWX,VMR_100002_206,HOLD
PD_100001,RWX,VMR_100002_207,HOLD
PD_100001,RWX,VMR_100002_208,HOLD
PD_100001,RWX,VMR_100002_209,HOLD
PD_100001,RWX,VMR_100002_210,HOLD
PD_100001,RWX,VMR_100002_211,HOLD
PD_100001,RWX,VMR_100002_212,HOLD
PD_100001,RWX,VMR_100002_213,HOLD
PD_100001,RWX,VMR_100002_214,HOLD
PD_100001,RWX,VMR_100002_215,HOLD
PD_100001,RWX,VMR_100002_216,HOLD
PD_100001,RWX,VMR_100002_217,HOLD
PD_100001,RWX,VMR_100002_218,HOLD
PD_100001,RWX,VMR_100002_219,HOLD
PD_100001,RWX,VMR_100002_220,HOLD
PD_100001,RWX,VMR_100002_221,HOLD
PD_100001,RWX,VMR_100002_222,HOLD
PD_100001,RWX,VMR_100002_223,HOLD
PD_100001,RWX,VMR_100002_224,HOLD
PD_100001,RWX,VMR_100002_225,HOLD
PD_100001,RWX,VMR_100002_226,HOLD
PD_100001,RWX,VMR_100002_227,HOLD
PD_100001,RWX,VMR_100002_228,HOLD
PD_100001,RWX,VMR_100002_229,HOLD
PD_100001,RWX,VMR_100002_230,HOLD
PD_100001,RWX,VMR_100002_231,HOLD
PD_100001,RWX,VMR_100002_232,HOLD
PD_100001,RWX,VMR_100002_233,HOLD
PD_100001,RWX,VMR_100002_234,HOLD
PD_100001,RWX,VMR_100002_235,HOLD
PD_100001,RWX,VMR_100002_236,HOLD
PD_100001,RWX,VMR_100002_237,HOLD
PD_100001,RWX,VMR_100002_238,HOLD
PD_100001,RWX,VMR_100002_239,HOLD
PD_100001,RWX,VMR_100002_240,HOLD
PD_100001,RWX,VMR_100002_241,HOLD
PD_100001,RWX,VMR_100002_242,HOLD
PD_100001,RWX,VMR_100002_243,HOLD
PD_100001,RWX,VMR_100002_244,HOLD
PD_100001,RWX,VMR_100002_245,HOLD
PD_100001,RWX,VMR_100002_246,HOLD
PD_100001,RWX,VMR_100002_247,HOLD
PD_100001,RWX,VMR_100002_248,HOLD
PD_100001,RWX,VMR_100002_249,HOLD
PD_100001,RWX,VMR_100002_250,HOLD
PD_100001,RWX,VMR_100002_251,HOLD
PD_100001,RWX,VMR_100002_252,HOLD
PD_100001,RWX,VMR_100002_253,HOLD
PD_100001,RWX,VMR_100002_254,HOLD
PD_100001,RWX,VMR_100002_255,HOLD
PD_100001,RWX,VMR_100002_256,HOLD
PD_100001,RWX,VMR_100002_257,HOLD
PD_100001,RWX,VMR_100002_258,HOLD
PD_100001,RWX,VMR_100002_259,HOLD
PD_100001,RWX,VMR_100002_260,HOLD
PD_100001,RWX,VMR_100002_261,HOLD
PD_100001,RWX,VMR_100002_262,HOLD
PD_100001,RWX,VMR_100002_263,HOLD
PD_100001,RWX,VMR_100002_264,HOLD
PD_100001,RWX,VMR_100002_265,HOLD
PD_100001,RWX,VMR_100002_266,HOLD
PD_100001,RWX,VMR_100002_267,HOLD
PD_100001,RWX,VMR_100002_268,HOLD
PD_100001,RWX,VMR_100002_269,HOLD
PD_100001,RWX,VMR_100002_270,HOLD
PD_100001,RWX,VMR_100002_271,HOLD
PD_100001,RWX,VMR_100002_272,HOLD
PD_100001,RWX,VMR_100002_273,HOLD
PD_100001,RWX,VMR_100002_274,HOLD
PD_100001,RWX,VMR_100002_275,HOLD
PD_100001,RWX,VMR_100002_276,HOLD
PD_100001,RWX,VMR_100002_277,HOLD
PD_100001,RWX,VMR_100002_278,HOLD
PD_100001,RWX,VMR_100002_279,HOLD
PD_100001,RWX,VMR_100002_280,HOLD
PD_100001,RWX,VMR_100002_281,HOLD
PD_100001,RWX,VMR_100002_282,HOLD
PD_100001,RWX,VMR_100002_283,HOLD
PD_100001,RWX,VMR_100002_284,HOLD
PD_100001,RWX,VMR_100002_285,HOLD
PD_100001,RWX,VMR_100002_286,HOLD
PD_100001,RWX,VMR_100002_287,HOLD
PD_100001,RWX,VMR_100002_288,HOLD
PD_100001,RWX,VMR_100002_289,HOLD
PD_100001,RWX,VMR_100002_290,HOLD
PD_100001,RWX,VMR_100002_291,HOLD
PD_100001,RWX,VMR_100002_292,HOLD
PD_100001,RWX,VMR_100002_293,HOLD
PD_100001,RWX,VMR_100002_294,HOLD
PD_100001,RWX,VMR_100002_295,HOLD
PD_100001,RWX,VMR_100002_296,HOLD
PD_100001,RWX,VMR_100002_297,HOLD
PD_100001,RWX,VMR_100002_298,HOLD
PD_100001,RWX,VMR_100002_299,HOLD
PD_100001,RWX,VMR_100002_300,HOLD
PD_100001,RWX,VMR_100002_301,HOLD
PD_100001,RWX,VMR_100002_302,HOLD
PD_100001,RWX,VMR_100002_303,HOLD
PD_100001,RWX,VMR_100002_304,HOLD
PD_100001,RWX,VMR_100002_305,HOLD
PD_100001,RWX,VMR_100002_306,HOLD
PD_100001,RWX,VMR_100002_307,HOLD
PD_100001,RWX,VMR_100002_308,HOLD
PD_100001,RWX,VMR_100002_309,HOLD
PD_100001,RWX,VMR_100002_310,HOLD
PD_100001,RWX,VMR_100002_311,HOLD
PD_100001,RWX,VMR_100002_312,HOLD
PD_100001,RWX,VMR_100002_313,HOLD
PD_100001,RWX,VMR_100002_314,HOLD
PD_100001,RWX,VMR_100002_315,HOLD
PD_100001,RWX,VMR_100002_316,HOLD
PD_100001,RWX,VMR_100002_317,HOLD
PD_100001,RWX,VMR_100002_318,HOLD
PD_100001,RWX,VMR_100002_319,HOLD
PD_100001,RWX,VMR_100002_320,HOLD
PD_100001,RWX,VMR_100002_321,HOLD
PD_100001,RWX,VMR_100002_322,HOLD
PD_100001,RWX,VMR_100002_323,HOLD
PD_100001,RWX,VMR_100002_324,HOLD
PD_100001,RWX,VMR_100002_325,HOLD
PD_100001,RWX,VMR_100002_326,HOLD
PD_100001,RWX,VMR_100002_327,HOLD
PD_100001,RWX,VMR_100002_328,HOLD
PD_100001,RWX,VMR_100002_329,HOLD
PD_100001,RWX,VMR_100002_330,HOLD
PD_100001,RWX,VMR_100002_331,HOLD
PD_100001,RWX,VMR_100002_332,HOLD
PD_100001,RWX,VMR_100002_333,HOLD
PD_100001,RWX,VMR_100002_334,HOLD
PD_100001,RWX,VMR_100002_335,HOLD
PD_100001,RWX,VMR_100002_336,HOLD
PD_100001,RWX,VMR_100002_337,HOLD
PD_100001,RWX,VMR_100002_338,HOLD
PD_100001,RWX,VMR_100002_339,HOLD
PD_100001,RWX,VMR_100002_340,HOLD
PD_100001,RWX,VMR_100002_341,HOLD
PD_100001,RWX,VMR_100002_342,HOLD
PD_100001,RWX,VMR_100002_343,HOLD
PD_100001,RWX,VMR_100002_344,HOLD
PD_100001,RWX,VMR_100002_345,HOLD
PD_100001,RWX,VMR_100002_346,HOLD
PD_100001,RWX,VMR_100002_347,HOLD
PD_100001,RWX,VMR_100002_348,HOLD
PD_100001,RWX,VMR_100002_349,HOLD
PD_100001,RWX,VMR_100002_350,HOLD
PD_100001,RWX,VMR_100002_351,HOLD
PD_100001,RWX,VMR_100002_352,HOLD
PD_100001,RWX,VMR_100002_353,HOLD
PD_100001,RWX,VMR_100002_354,HOLD
PD_100001,RWX,VMR_100002_355,HOLD
PD_100001,RWX,VMR_100002_356,HOLD
PD_100001,RWX,VMR_100002_357,HOLD
PD_100001,RWX,VMR_100002_358,HOLD
PD_100001,RWX,VMR_100002_359,HOLD
PD_100001,RWX,VMR_100002_360,HOLD
PD_100001,RWX,VMR_100002_361,HOLD
PD_100001,RWX,VMR_100002_362,HOLD
PD_100001,RWX,VMR_100002_363,HOLD
PD_100001,RWX,VMR_100002_364,HOLD
PD_100001,RWX,VMR_100002_365,HOLD
PD_100001,RWX,VMR_100002_366,HOLD
PD_100001,RWX,VMR_100002_367,HOLD
PD_100001,RWX,VMR_100002_368,HOLD
PD_100001,RWX,VMR_100002_369,HOLD
PD_100001,RWX,VMR_100002_370,HOLD
PD_100001,RWX,VMR_100002_371,HOLD
PD_100001,RWX,VMR_100002_372,HOLD
PD_100001,RWX,VMR_100002_373,HOLD
PD_100001,RWX,VMR_100002_374,HOLD
PD_100001,RWX,VMR_100002_375,HOLD
PD_100001,RWX,VMR_100002_376,HOLD
PD_100001,RWX,VMR_100002_377,HOLD
PD_100001,RWX,VMR_100002_378,HOLD
PD_100001,RWX,VMR_100002_379,HOLD
PD_100001,RWX,VMR_100002_380,HOLD
PD_100001,RWX,VMR_100002_381,HOLD
PD_100001,RWX,VMR_100002_382,HOLD
PD_100001,RWX,VMR_100002_383,HOLD
PD_100001,RWX,VMR_100002_384,HOLD
PD_100001,RWX,VMR_100002_385,HOLD
PD_100001,RWX,VMR_100002_386,HOLD
PD_100001,RWX,VMR_100002_387,HOLD
PD_100001,RWX,VMR_100002_388,HOLD
PD_100001,RWX,VMR_100002_389,HOLD
PD_100001,RWX,VMR_100002_390,HOLD
PD_100001,RWX,VMR_100002_391,HOLD
PD_100001,RWX,VMR_100002_392,HOLD
PD_100001,RWX,VMR_100002_393,HOLD
PD_100001,RWX,VMR_100002_394,HOLD
PD_100001,RWX,VMR_100002_395,HOLD
PD_100001,RWX,VMR_100002_396,HOLD
PD_100001,RWX,VMR_100002_397,HOLD
PD_100001,RWX,VMR_100002_398,HOLD
PD_100001,RWX,VMR_100002_399,HOLD
PD_100001,RWX,VMR_100002_400,HOLD
PD_100001,RWX,VMR_100002_401,HOLD
PD_100001,RWX,VMR_100002_402,HOLD
PD_100001,RWX,VMR_100002_403,HOLD
PD_100001,RWX,VMR_100002_404,HOLD
PD_100001,RWX,VMR_100002_405,HOLD
PD_100001,RWX,VMR_100002_406,HOLD
PD_100001,RWX,VMR_100002_407,HOLD
PD_100001,RWX,VMR_100002_408,HOLD
PD_100001,RWX,VMR_100002_409,HOLD
PD_100001,RWX,VMR_100002_410,HOLD
PD_100001,RWX,VMR_100002_411,HOLD
PD_100001,RWX,VMR_100002_412,HOLD
PD_100001,RWX,VMR_100002_413,HOLD
PD_100001,RWX,VMR_100002_414,HOLD
PD_100001,RWX,VMR_100002_415,HOLD
PD_100001,RWX,VMR_100002_416,HOLD
PD_100001,RWX,VMR_100002_417,HOLD
PD_100001,RWX,VMR_100002_418,HOLD
PD_100001,RWX,VMR_100002_419,HOLD
PD_100001,RWX,VMR_100002_420,HOLD
PD_100001,RWX,VMR_100002_421,HOLD
PD_100001,RWX,VMR_100002_422,HOLD
PD_100001,RWX,VMR_100002_423,HOLD
PD_100001,RWX,VMR_100002_424,HOLD
PD_100001,RWX,VMR_100002_425,HOLD
PD_100001,RWX,VMR_100002_426,HOLD
PD_100001,RWX,VMR_100002_427,HOLD
PD_100001,RWX,VMR_100002_428,HOLD
PD_100001,RWX,VMR_100002_429,HOLD
PD_100001,RWX,VMR_100002_430,HOLD
PD_100001,RWX,VMR_100002_431,HOLD
PD_100001,RWX,VMR_100002_432,HOLD
PD_100001,RWX,VMR_100002_433,HOLD
PD_100001,RWX,VMR_100002_434,HOLD
PD_100001,RWX,VMR_100002_435,HOLD
PD_100001,RWX,VMR_100002_436,HOLD
PD_100001,RWX,VMR_100002_437,HOLD
PD_100001,RWX,VMR_100002_438,HOLD
PD_100001,RWX,VMR_100002_439,HOLD
PD_100001,RWX,VMR_100002_440,HOLD
PD_100001,RWX,VMR_100002_441,HOLD
PD_100001,RWX,VMR_100002_442,HOLD
PD_100001,RWX,VMR_100002_443,HOLD
PD_100001,RWX,VMR_100002_444,HOLD
PD_100001,RWX,VMR_100002_445,HOLD
PD_100001,RWX,VMR_100002_446,HOLD
PD_100001,RWX,VMR_100002_447,HOLD
PD_100001,RWX,VMR_100002_448,HOLD
PD_100001,RWX,VMR_100002_449,HOLD
PD_100001,RWX,VMR_100002_450,HOLD
PD_100001,RWX,VMR_100002_451,HOLD
PD_100001,RWX,VMR_100002_452,HOLD
PD_100001,RWX,VMR_100002_453,HOLD
PD_100001,RWX,VMR_100002_454,HOLD
PD_100001,RWX,VMR_100002_455,HOLD
PD_100001,RWX,VMR_100002_456,HOLD
PD_100001,RWX,VMR_100002_457,HOLD
PD_100001,RWX,VMR_100002_458,HOLD
PD_100001,RWX,VMR_100002_459,HOLD
PD_100001,RWX,VMR_100002_460,HOLD
PD_100001,RWX,VMR_100002_461,HOLD
PD_100001,RWX,VMR_100002_462,HOLD
PD_100001,RWX,VMR_100002_463,HOLD
PD_100001,RWX,VMR_100002_464,HOLD
PD_100001,RWX,VMR_100002_465,HOLD
PD_100001,RWX,VMR_100002_466,HOLD
PD_100001,RWX,VMR_100002_467,HOLD
PD_100001,RWX,VMR_100002_468,HOLD
PD_100001,RWX,VMR_100002_469,HOLD
PD_100001,RWX,VMR_100002_470,HOLD
PD_100001,RWX,VMR_100002_471,HOLD
PD_100001,RWX,VMR_100002_472,HOLD
PD_100001,RWX,VMR_100002_473,HOLD
PD_100001,RWX,VMR_100002_474,HOLD
PD_100001,RWX,VMR_100002_475,HOLD
PD_100001,RWX,VMR_100002_476,HOLD
PD_100001,RWX,VMR_100002_477,HOLD
PD_100001,RWX,VMR_100002_478,HOLD
PD_100001,RWX,VMR_100002_479,HOLD
PD_100001,RWX,VMR_100002_480,HOLD
PD_100001,RWX,VMR_100002_481,HOLD
PD_100001,RWX,VMR_100002_482,HOLD
PD_100001,RWX,VMR_100002_483,HOLD
PD_100001,RWX,VMR_100002_484,HOLD
PD_100001,RWX,VMR_100002_485,HOLD
PD_100001,RWX,VMR_100002_486,HOLD
PD_100001,RWX,VMR_100002_487,HOLD
PD_100001,RWX,VMR_100002_488,HOLD
PD_100001,RWX,VMR_100002_489,HOLD
PD_100001,RWX,VMR_100002_490,HOLD
PD_100001,RWX,VMR_100002_491,HOLD
PD_100001,RWX,VMR_100002_492,HOLD
PD_100001,RWX,VMR_100002_493,HOLD
PD_100001,RWX,VMR_100002_494,HOLD
PD_100001,RWX,VMR_100002_495,HOLD
PD_100001,RWX,VMR_100002_496,HOLD
PD_100001,RWX,VMR_100002_497,HOLD
PD_100001,RWX,VMR_100002_498,HOLD
PD_100001,RWX,VMR_100002_499,HOLD
PD_100001,RWX,VMR_100002_500,HOLD
PD_100001,RWX,VMR_100002_501,HOLD
PD_100001,RWX,VMR_100002_502,HOLD
PD_100001,RWX,VMR_100002_503,HOLD
PD_100001,RWX,VMR_100002_504,HOLD
PD_100001,RWX,VMR_100002_505,HOLD
PD_100001,RWX,VMR_100002_506,HOLD
PD_100001,RWX,VMR_100002_507,HOLD
PD_100001,RWX,VMR_100002_508,HOLD
PD_100001,RWX,VMR_100002_509,HOLD
PD_100001,RWX,VMR_100002_510,HOLD
PD_100001,RWX,VMR_100002_511,HOLD
PD_100001,RWX,VMR_100002_512,HOLD
PD_100001,RWX,VMR_100002_513,HOLD
PD_100001,RWX,VMR_100002_514,HOLD
PD_100001,RWX,VMR_100002_515,HOLD
PD_100001,RWX,VMR_100002_516,HOLD
PD_100001,RWX,VMR_100002_517,HOLD
PD_100001,RWX,VMR_100002_518,HOLD
PD_100001,RWX,VMR_100002_519,HOLD
PD_100001,RWX,VMR_100002_520,HOLD
PD_100001,RWX,VMR_100002_521,HOLD
PD_100001,RWX,VMR_100002_522,HOLD
PD_100001,RWX,VMR_100002_523,HOLD
PD_100001,RWX,VMR_100002_524,HOLD
PD_100001,RWX,VMR_100002_525,HOLD
PD_100001,RWX,VMR_100002_526,HOLD
PD_100001,RWX,VMR_100002_527,HOLD
PD_100001,RWX,VMR_100002_528,HOLD
PD_100001,RWX,VMR_100002_529,HOLD
PD_100001,RWX,VMR_100002_530,HOLD
PD_100001,RWX,VMR_100002_531,HOLD
PD_100001,RWX,VMR_100002_532,HOLD
PD_100001,RWX,VMR_100002_533,HOLD
PD_100001,RWX,VMR_100002_534,HOLD
PD_100001,RWX,VMR_100002_535,HOLD
PD_100001,RWX,VMR_100002_536,HOLD
PD_100001,RWX,VMR_100002_537,HOLD
PD_100001,RWX,VMR_100002_538,HOLD
PD_100001,RWX,VMR_100002_539,HOLD
PD_100001,RWX,VMR_100002_540,HOLD
PD_100001,RWX,VMR_100002_541,HOLD
PD_100001,RWX,VMR_100002_542,HOLD
PD_100001,RWX,VMR_100002_543,HOLD
PD_100001,RWX,VMR_100002_544,HOLD
PD_100001,RWX,VMR_100002_545,HOLD
PD_100001,RWX,VMR_100002_546,HOLD
PD_100001,RWX,VMR_100002_547,HOLD
PD_100001,RWX,VMR_100002_548,HOLD
PD_100001,RWX,VMR_100002_549,HOLD
PD_100001,RWX,VMR_100002_550,HOLD
PD_100001,RWX,VMR_100002_551,HOLD
PD_100001,RWX,VMR_100002_552,HOLD
PD_100001,RWX,VMR_100002_553,HOLD
PD_100001,RWX,VMR_100002_554,HOLD
PD_100001,RWX,VMR_100002_555,HOLD
PD_100001,RWX,VMR_100002_556,HOLD
PD_100001,RWX,VMR_100002_557,HOLD
PD_100001,RWX,VMR_100002_558,HOLD
PD_100001,RWX,VMR_100002_559,HOLD
PD_100001,RWX,VMR_100002_560,HOLD
PD_100001,RWX,VMR_100002_561,HOLD
PD_100001,RWX,VMR_100002_562,HOLD
MO_100001_1,NONE,MO_SPACE_100001,SUBSET
MO_100001_2,NONE,MO_SPACE_100001,SUBSET
MO_100001_3,NONE,MO_SPACE_100001,SUBSET
MO_100001_4,NONE,MO_SPACE_100001,SUBSET
MO_100001_5,NONE,MO_SPACE_100001,SUBSET
MO_100001_6,NONE,MO_SPACE_100001,SUBSET
MO_100001_7,NONE,MO_SPACE_100001,SUBSET
MO_100001_8,NONE,MO_SPACE_100001,SUBSET
MO_100001_9,NONE,MO_SPACE_100001,SUBSET
MO_100001_10,NONE,MO_SPACE_100001,SUBSET
MO_100001_11,NONE,MO_SPACE_100001,SUBSET
MO_100001_12,NONE,MO_SPACE_100001,SUBSET
MO_100001_13,NONE,MO_SPACE_100001,SUBSET
MO_100001_14,NONE,MO_SPACE_100001,SUBSET
MO_100001_15,NONE,MO_SPACE_100001,SUBSET
MO_100001_16,NONE,MO_SPACE_100001,SUBSET
MO_100001_17,NONE,MO_SPACE_100001,SUBSET
MO_100001_18,NONE,MO_SPACE_100001,SUBSET
MO_100001_19,NONE,MO_SPACE_100001,SUBSET
MO_100001_20,NONE,MO_SPACE_100001,SUBSET
MO_100001_21,NONE,MO_SPACE_100001,SUBSET
MO_100001_22,NONE,MO_SPACE_100001,SUBSET
MO_100001_23,NONE,MO_SPACE_100001,SUBSET
MO_100001_24,NONE,MO_SPACE_100001,SUBSET
MO_100001_25,NONE,MO_SPACE_100001,SUBSET
MO_100001_26,NONE,MO_SPACE_100001,SUBSET
MO_100001_27,NONE,MO_SPACE_100001,SUBSET
MO_100001_28,NONE,MO_SPACE_100001,SUBSET
MO_100001_29,NONE,MO_SPACE_100001,SUBSET
MO_100001_30,NONE,MO_SPACE_100001,SUBSET
MO_100001_31,NONE,MO_SPACE_100001,SUBSET
MO_100001_32,NONE,MO_SPACE_100001,SUBSET
MO_100001_33,NONE,MO_SPACE_100001,SUBSET
MO_100001_34,NONE,MO_SPACE_100001,SUBSET
MO_100001_35,NONE,MO_SPACE_100001,SUBSET
MO_100001_36,NONE,MO_SPACE_100001,SUBSET
MO_100001_37,NONE,MO_SPACE_100001,SUBSET
MO_100001_38,NONE,MO_SPACE_100001,SUBSET
MO_100001_39,NONE,MO_SPACE_100001,SUBSET
MO_100001_40,NONE,MO_SPACE_100001,SUBSET
MO_100001_41,NONE,MO_SPACE_100001,SUBSET
MO_100001_42,NONE,MO_SPACE_100001,SUBSET
MO_100001_43,NONE,MO_SPACE_100001,SUBSET
MO_100001_44,NONE,MO_SPACE_100001,SUBSET
MO_100001_45,NONE,MO_SPACE_100001,SUBSET
MO_100001_46,NONE,MO_SPACE_100001,SUBSET
MO_100001_47,NONE,MO_SPACE_100001,SUBSET
MO_100001_48,NONE,MO_SPACE_100001,SUBSET
MO_100001_49,NONE,MO_SPACE_100001,SUBSET
MO_100001_50,NONE,MO_SPACE_100001,SUBSET
MO_100001_51,NONE,MO_SPACE_100001,SUBSET
MO_100001_52,NONE,MO_SPACE_100001,SUBSET
MO_100001_53,NONE,MO_SPACE_100001,SUBSET
MO_100001_54,NONE,MO_SPACE_100001,SUBSET
MO_100001_55,NONE,MO_SPACE_100001,SUBSET
MO_100001_56,NONE,MO_SPACE_100001,SUBSET
MO_100001_57,NONE,MO_SPACE_100001,SUBSET
MO_100001_58,NONE,MO_SPACE_100001,SUBSET
MO_100001_59,NONE,MO_SPACE_100001,SUBSET
MO_100001_60,NONE,MO_SPACE_100001,SUBSET
MO_100001_61,NONE,MO_SPACE_100001,SUBSET
MO_100001_62,NONE,MO_SPACE_100001,SUBSET
MO_100001_63,NONE,MO_SPACE_100001,SUBSET
MO_100001_64,NONE,MO_SPACE_100001,SUBSET
MO_100001_65,NONE,MO_SPACE_100001,SUBSET
MO_100001_66,NONE,MO_SPACE_100001,SUBSET
MO_100001_67,NONE,MO_SPACE_100001,SUBSET
MO_100001_68,NONE,MO_SPACE_100001,SUBSET
MO_100001_69,NONE,MO_SPACE_100001,SUBSET
MO_100001_70,NONE,MO_SPACE_100001,SUBSET
MO_100001_71,NONE,MO_SPACE_100001,SUBSET
MO_100001_72,NONE,MO_SPACE_100001,SUBSET
MO_100001_73,NONE,MO_SPACE_100001,SUBSET
MO_100001_74,NONE,MO_SPACE_100001,SUBSET
MO_100001_75,NONE,MO_SPACE_100001,SUBSET
MO_100001_76,NONE,MO_SPACE_100001,SUBSET
MO_100001_77,NONE,MO_SPACE_100001,SUBSET
MO_100001_78,NONE,MO_SPACE_100001,SUBSET
MO_100001_79,NONE,MO_SPACE_100001,SUBSET
MO_100001_80,NONE,MO_SPACE_100001,SUBSET
MO_100001_81,NONE,MO_SPACE_100001,SUBSET
MO_100001_82,NONE,MO_SPACE_100001,SUBSET
MO_100001_83,NONE,MO_SPACE_100001,SUBSET
MO_100001_84,NONE,MO_SPACE_100001,SUBSET
MO_100001_85,NONE,MO_SPACE_100001,SUBSET
MO_100001_86,NONE,MO_SPACE_100001,SUBSET
MO_100001_87,NONE,MO_SPACE_100001,SUBSET
MO_100001_88,NONE,MO_SPACE_100001,SUBSET
MO_100001_89,NONE,MO_SPACE_100001,SUBSET
MO_100001_90,NONE,MO_SPACE_100001,SUBSET
MO_100001_91,NONE,MO_SPACE_100001,SUBSET
MO_100001_92,NONE,MO_SPACE_100001,SUBSET
MO_100001_93,NONE,MO_SPACE_100001,SUBSET
MO_100001_94,NONE,MO_SPACE_100001,SUBSET
MO_100001_95,NONE,MO_SPACE_100001,SUBSET
MO_100001_96,NONE,MO_SPACE_100001,SUBSET
MO_100001_97,NONE,MO_SPACE_100001,SUBSET
MO_100001_98,NONE,MO_SPACE_100001,SUBSET
MO_100001_99,NONE,MO_SPACE_100001,SUBSET
MO_100001_100,NONE,MO_SPACE_100001,SUBSET
MO_100001_101,NONE,MO_SPACE_100001,SUBSET
MO_100001_102,NONE,MO_SPACE_100001,SUBSET
MO_100001_103,NONE,MO_SPACE_100001,SUBSET
MO_100001_104,NONE,MO_SPACE_100001,SUBSET
MO_100001_105,NONE,MO_SPACE_100001,SUBSET
MO_100001_106,NONE,MO_SPACE_100001,SUBSET
MO_100001_107,NONE,MO_SPACE_100001,SUBSET
MO_100001_108,NONE,MO_SPACE_100001,SUBSET
MO_100001_109,NONE,MO_SPACE_100001,SUBSET
MO_100001_110,NONE,MO_SPACE_100001,SUBSET
MO_100001_111,NONE,MO_SPACE_100001,SUBSET
MO_100001_112,NONE,MO_SPACE_100001,SUBSET
MO_100001_113,NONE,MO_SPACE_100001,SUBSET
MO_100001_114,NONE,MO_SPACE_100001,SUBSET
MO_100001_115,NONE,MO_SPACE_100001,SUBSET
MO_100001_116,NONE,MO_SPACE_100001,SUBSET
MO_100001_117,NONE,MO_SPACE_100001,SUBSET
MO_100001_118,NONE,MO_SPACE_100001,SUBSET
MO_100001_119,NONE,MO_SPACE_100001,SUBSET
MO_100001_120,NONE,MO_SPACE_100001,SUBSET
MO_100001_121,NONE,MO_SPACE_100001,SUBSET
MO_100001_122,NONE,MO_SPACE_100001,SUBSET
MO_100001_123,NONE,MO_SPACE_100001,SUBSET
MO_100001_124,NONE,MO_SPACE_100001,SUBSET
MO_100001_125,NONE,MO_SPACE_100001,SUBSET
MO_100001_126,NONE,MO_SPACE_100001,SUBSET
MO_100001_127,NONE,MO_SPACE_100001,SUBSET
MO_100001_128,NONE,MO_SPACE_100001,SUBSET
MO_100001_129,NONE,MO_SPACE_100001,SUBSET
MO_100001_130,NONE,MO_SPACE_100001,SUBSET
MO_100001_131,NONE,MO_SPACE_100001,SUBSET
MO_100001_132,NONE,MO_SPACE_100001,SUBSET
MO_100001_133,NONE,MO_SPACE_100001,SUBSET
MO_100001_134,NONE,MO_SPACE_100001,SUBSET
MO_100001_135,NONE,MO_SPACE_100001,SUBSET
MO_100001_136,NONE,MO_SPACE_100001,SUBSET
MO_100001_137,NONE,MO_SPACE_100001,SUBSET
MO_100001_138,NONE,MO_SPACE_100001,SUBSET
MO_100001_139,NONE,MO_SPACE_100001,SUBSET
MO_100001_140,NONE,MO_SPACE_100001,SUBSET
MO_100001_141,NONE,MO_SPACE_100001,SUBSET
MO_100001_142,NONE,MO_SPACE_100001,SUBSET
MO_100001_143,NONE,MO_SPACE_100001,SUBSET
MO_100001_144,NONE,MO_SPACE_100001,SUBSET
MO_100001_145,NONE,MO_SPACE_100001,SUBSET
MO_100001_146,NONE,MO_SPACE_100001,SUBSET
MO_100001_147,NONE,MO_SPACE_100001,SUBSET
MO_100001_148,NONE,MO_SPACE_100001,SUBSET
MO_100001_149,NONE,MO_SPACE_100001,SUBSET
MO_100001_150,NONE,MO_SPACE_100001,SUBSET
MO_100001_151,NONE,MO_SPACE_100001,SUBSET
MO_100001_152,NONE,MO_SPACE_100001,SUBSET
MO_100001_153,NONE,MO_SPACE_100001,SUBSET
MO_100001_154,NONE,MO_SPACE_100001,SUBSET
MO_100001_155,NONE,MO_SPACE_100001,SUBSET
MO_100001_156,NONE,MO_SPACE_100001,SUBSET
MO_100001_157,NONE,MO_SPACE_100001,SUBSET
MO_100001_158,NONE,MO_SPACE_100001,SUBSET
MO_100001_159,NONE,MO_SPACE_100001,SUBSET
MO_100001_160,NONE,MO_SPACE_100001,SUBSET
MO_100001_161,NONE,MO_SPACE_100001,SUBSET
MO_100001_162,NONE,MO_SPACE_100001,SUBSET
MO_100001_163,NONE,MO_SPACE_100001,SUBSET
MO_100001_164,NONE,MO_SPACE_100001,SUBSET
MO_100001_165,NONE,MO_SPACE_100001,SUBSET
MO_100001_166,NONE,MO_SPACE_100001,SUBSET
MO_100001_167,NONE,MO_SPACE_100001,SUBSET
MO_100001_168,NONE,MO_SPACE_100001,SUBSET
MO_100001_169,NONE,MO_SPACE_100001,SUBSET
MO_100001_170,NONE,MO_SPACE_100001,SUBSET
MO_100001_171,NONE,MO_SPACE_100001,SUBSET
MO_100001_172,NONE,MO_SPACE_100001,SUBSET
MO_100001_173,NONE,MO_SPACE_100001,SUBSET
MO_100001_174,NONE,MO_SPACE_100001,SUBSET
MO_100001_175,NONE,MO_SPACE_100001,SUBSET
MO_100001_176,NONE,MO_SPACE_100001,SUBSET
MO_100001_177,NONE,MO_SPACE_100001,SUBSET
MO_100001_178,NONE,MO_SPACE_100001,SUBSET
MO_100001_179,NONE,MO_SPACE_100001,SUBSET
MO_100001_180,NONE,MO_SPACE_100001,SUBSET
MO_100001_181,NONE,MO_SPACE_100001,SUBSET
MO_100001_182,NONE,MO_SPACE_100001,SUBSET
MO_100001_183,NONE,MO_SPACE_100001,SUBSET
MO_100001_184,NONE,MO_SPACE_100001,SUBSET
MO_100001_185,NONE,MO_SPACE_100001,SUBSET
MO_100001_186,NONE,MO_SPACE_100001,SUBSET
MO_100001_187,NONE,MO_SPACE_100001,SUBSET
MO_100001_188,NONE,MO_SPACE_100001,SUBSET
MO_100001_189,NONE,MO_SPACE_100001,SUBSET
MO_100001_190,NONE,MO_SPACE_100001,SUBSET
MO_100001_191,NONE,MO_SPACE_100001,SUBSET
MO_100001_192,NONE,MO_SPACE_100001,SUBSET
MO_100001_193,NONE,MO_SPACE_100001,SUBSET
MO_100001_194,NONE,MO_SPACE_100001,SUBSET
MO_100001_195,NONE,MO_SPACE_100001,SUBSET
MO_100001_196,NONE,MO_SPACE_100001,SUBSET
MO_100001_197,NONE,MO_SPACE_100001,SUBSET
MO_100001_198,NONE,MO_SPACE_100001,SUBSET
MO_100001_199,NONE,MO_SPACE_100001,SUBSET
MO_100001_200,NONE,MO_SPACE_100001,SUBSET
MO_100001_201,NONE,MO_SPACE_100001,SUBSET
MO_100001_202,NONE,MO_SPACE_100001,SUBSET
MO_100001_203,NONE,MO_SPACE_100001,SUBSET
MO_100001_204,NONE,MO_SPACE_100001,SUBSET
MO_100001_205,NONE,MO_SPACE_100001,SUBSET
MO_100001_206,NONE,MO_SPACE_100001,SUBSET
MO_100001_207,NONE,MO_SPACE_100001,SUBSET
MO_100001_208,NONE,MO_SPACE_100001,SUBSET
MO_100001_209,NONE,MO_SPACE_100001,SUBSET
MO_100001_210,NONE,MO_SPACE_100001,SUBSET
MO_100001_211,NONE,MO_SPACE_100001,SUBSET
MO_100001_212,NONE,MO_SPACE_100001,SUBSET
MO_100001_213,NONE,MO_SPACE_100001,SUBSET
MO_100001_214,NONE,MO_SPACE_100001,SUBSET
MO_100001_215,NONE,MO_SPACE_100001,SUBSET
MO_100001_216,NONE,MO_SPACE_100001,SUBSET
MO_100001_217,NONE,MO_SPACE_100001,SUBSET
MO_100001_218,NONE,MO_SPACE_100001,SUBSET
MO_100001_219,NONE,MO_SPACE_100001,SUBSET
MO_100001_220,NONE,MO_SPACE_100001,SUBSET
MO_100001_221,NONE,MO_SPACE_100001,SUBSET
MO_100001_222,NONE,MO_SPACE_100001,SUBSET
MO_100001_223,NONE,MO_SPACE_100001,SUBSET
MO_100001_224,NONE,MO_SPACE_100001,SUBSET
MO_100001_225,NONE,MO_SPACE_100001,SUBSET
MO_100001_226,NONE,MO_SPACE_100001,SUBSET
MO_100001_227,NONE,MO_SPACE_100001,SUBSET
MO_100001_228,NONE,MO_SPACE_100001,SUBSET
MO_100001_229,NONE,MO_SPACE_100001,SUBSET
MO_100001_230,NONE,MO_SPACE_100001,SUBSET
MO_100001_231,NONE,MO_SPACE_100001,SUBSET
MO_100001_232,NONE,MO_SPACE_100001,SUBSET
MO_100001_233,NONE,MO_SPACE_100001,SUBSET
MO_100001_234,NONE,MO_SPACE_100001,SUBSET
MO_100001_235,NONE,MO_SPACE_100001,SUBSET
MO_100001_236,NONE,MO_SPACE_100001,SUBSET
MO_100001_237,NONE,MO_SPACE_100001,SUBSET
MO_100001_238,NONE,MO_SPACE_100001,SUBSET
MO_100001_239,NONE,MO_SPACE_100001,SUBSET
MO_100001_240,NONE,MO_SPACE_100001,SUBSET
MO_100001_241,NONE,MO_SPACE_100001,SUBSET
MO_100001_242,NONE,MO_SPACE_100001,SUBSET
MO_100001_243,NONE,MO_SPACE_100001,SUBSET
MO_100001_244,NONE,MO_SPACE_100001,SUBSET
MO_100001_245,NONE,MO_SPACE_100001,SUBSET
MO_100001_246,NONE,MO_SPACE_100001,SUBSET
MO_100001_247,NONE,MO_SPACE_100001,SUBSET
MO_100001_248,NONE,MO_SPACE_100001,SUBSET
MO_100001_249,NONE,MO_SPACE_100001,SUBSET
MO_100001_250,NONE,MO_SPACE_100001,SUBSET
MO_100001_251,NONE,MO_SPACE_100001,SUBSET
MO_100001_252,NONE,MO_SPACE_100001,SUBSET
MO_100001_253,NONE,MO_SPACE_100001,SUBSET
MO_100001_254,NONE,MO_SPACE_100001,SUBSET
MO_100001_255,NONE,MO_SPACE_100001,SUBSET
MO_100001_256,NONE,MO_SPACE_100001,SUBSET
MO_100001_257,NONE,MO_SPACE_100001,SUBSET
MO_100001_258,NONE,MO_SPACE_100001,SUBSET
MO_100001_259,NONE,MO_SPACE_100001,SUBSET
MO_100001_260,NONE,MO_SPACE_100001,SUBSET
MO_100001_261,NONE,MO_SPACE_100001,SUBSET
MO_100001_262,NONE,MO_SPACE_100001,SUBSET
MO_100001_263,NONE,MO_SPACE_100001,SUBSET
MO_100001_264,NONE,MO_SPACE_100001,SUBSET
MO_100001_265,NONE,MO_SPACE_100001,SUBSET
MO_100001_266,NONE,MO_SPACE_100001,SUBSET
MO_100001_267,NONE,MO_SPACE_100001,SUBSET
MO_100001_268,NONE,MO_SPACE_100001,SUBSET
MO_100001_269,NONE,MO_SPACE_100001,SUBSET
MO_100001_270,NONE,MO_SPACE_100001,SUBSET
MO_100001_271,NONE,MO_SPACE_100001,SUBSET
MO_100001_272,NONE,MO_SPACE_100001,SUBSET
MO_100001_273,NONE,MO_SPACE_100001,SUBSET
MO_100001_274,NONE,MO_SPACE_100001,SUBSET
MO_100001_275,NONE,MO_SPACE_100001,SUBSET
MO_100001_276,NONE,MO_SPACE_100001,SUBSET
MO_100001_277,NONE,MO_SPACE_100001,SUBSET
MO_100001_278,NONE,MO_SPACE_100001,SUBSET
MO_100001_279,NONE,MO_SPACE_100001,SUBSET
MO_100001_280,NONE,MO_SPACE_100001,SUBSET
MO_100001_281,NONE,MO_SPACE_100001,SUBSET
MO_100001_282,NONE,MO_SPACE_100001,SUBSET
MO_100001_283,NONE,MO_SPACE_100001,SUBSET
MO_100001_284,NONE,MO_SPACE_100001,SUBSET
MO_100001_285,NONE,MO_SPACE_100001,SUBSET
MO_100001_286,NONE,MO_SPACE_100001,SUBSET
MO_100001_287,NONE,MO_SPACE_100001,SUBSET
MO_100001_288,NONE,MO_SPACE_100001,SUBSET
PD_100002,VMR,PD_100001,REQUEST
PD_100002,RP,VMR_100002_1,HOLD
PD_100002,RXP,VMR_100002_2,HOLD
PD_100002,RP,VMR_100002_3,HOLD
PD_100002,RP,VMR_100002_4,HOLD
PD_100002,RWP,VMR_100002_5,HOLD
PD_100002,RWP,VMR_100002_6,HOLD
PD_100002,RWP,VMR_100002_7,HOLD
PD_100002,RWP,VMR_100002_8,HOLD
PD_100002,RWP,VMR_100002_9,HOLD
PD_100002,RWP,VMR_100002_10,HOLD
PD_100002,RWP,VMR_100002_11,HOLD
PD_100002,RWP,VMR_100002_12,HOLD
PD_100002,RWP,VMR_100002_13,HOLD
PD_100002,RWP,VMR_100002_14,HOLD
PD_100002,RWP,VMR_100002_15,HOLD
PD_100002,RWP,VMR_100002_16,HOLD
PD_100002,RWP,VMR_100002_17,HOLD
PD_100002,RWP,VMR_100002_18,HOLD
PD_100002,RWP,VMR_100002_19,HOLD
PD_100002,RWP,VMR_100002_20,HOLD
PD_100002,RWP,VMR_100002_21,HOLD
PD_100002,RWP,VMR_100002_22,HOLD
PD_100002,RWP,VMR_100002_23,HOLD
PD_100002,RWP,VMR_100002_24,HOLD
PD_100002,RWP,VMR_100002_25,HOLD
PD_100002,RWP,VMR_100002_26,HOLD
PD_100002,RWP,VMR_100002_27,HOLD
PD_100002,RWP,VMR_100002_28,HOLD
PD_100002,RWP,VMR_100002_29,HOLD
PD_100002,RWP,VMR_100002_30,HOLD
PD_100002,RWP,VMR_100002_31,HOLD
PD_100002,RWP,VMR_100002_32,HOLD
PD_100002,RWP,VMR_100002_33,HOLD
PD_100002,RWP,VMR_100002_34,HOLD
PD_100002,RWP,VMR_100002_35,HOLD
PD_100002,RWP,VMR_100002_36,HOLD
PD_100002,RWP,VMR_100002_37,HOLD
PD_100002,RWP,VMR_100002_38,HOLD
PD_100002,RWP,VMR_100002_39,HOLD
PD_100002,RWP,VMR_100002_40,HOLD
PD_100002,RP,VMR_100002_41,HOLD
PD_100002,RP,VMR_100002_42,HOLD
PD_100002,RP,VMR_100002_43,HOLD
PD_100002,RP,VMR_100002_44,HOLD
PD_100002,RP,VMR_100002_45,HOLD
PD_100002,RP,VMR_100002_46,HOLD
PD_100002,RP,VMR_100002_47,HOLD
PD_100002,RP,VMR_100002_48,HOLD
PD_100002,RP,VMR_100002_49,HOLD
PD_100002,RP,VMR_100002_50,HOLD
PD_100002,RP,VMR_100002_51,HOLD
PD_100002,RP,VMR_100002_52,HOLD
PD_100002,RP,VMR_100002_53,HOLD
PD_100002,RP,VMR_100002_54,HOLD
PD_100002,RP,VMR_100002_55,HOLD
PD_100002,RP,VMR_100002_56,HOLD
PD_100002,RP,VMR_100002_57,HOLD
PD_100002,RP,VMR_100002_58,HOLD
PD_100002,RP,VMR_100002_59,HOLD
PD_100002,RP,VMR_100002_60,HOLD
PD_100002,RP,VMR_100002_61,HOLD
PD_100002,RP,VMR_100002_62,HOLD
PD_100002,RP,VMR_100002_63,HOLD
PD_100002,RP,VMR_100002_64,HOLD
PD_100002,RP,VMR_100002_65,HOLD
PD_100002,RP,VMR_100002_66,HOLD
PD_100002,RP,VMR_100002_67,HOLD
PD_100002,RP,VMR_100002_68,HOLD
PD_100002,RP,VMR_100002_69,HOLD
PD_100002,RP,VMR_100002_70,HOLD
PD_100002,RP,VMR_100002_71,HOLD
PD_100002,RP,VMR_100002_72,HOLD
PD_100002,RP,VMR_100002_73,HOLD
PD_100002,RP,VMR_100002_74,HOLD
PD_100002,RP,VMR_100002_75,HOLD
PD_100002,RP,VMR_100002_76,HOLD
PD_100002,RP,VMR_100002_77,HOLD
PD_100002,RP,VMR_100002_78,HOLD
PD_100002,RP,VMR_100002_79,HOLD
PD_100002,RP,VMR_100002_80,HOLD
PD_100002,RXP,VMR_100002_81,HOLD
PD_100002,RXP,VMR_100002_82,HOLD
PD_100002,RXP,VMR_100002_83,HOLD
PD_100002,RXP,VMR_100002_84,HOLD
PD_100002,RXP,VMR_100002_85,HOLD
PD_100002,RXP,VMR_100002_86,HOLD
PD_100002,RXP,VMR_100002_87,HOLD
PD_100002,RXP,VMR_100002_88,HOLD
PD_100002,RXP,VMR_100002_89,HOLD
PD_100002,RXP,VMR_100002_90,HOLD
PD_100002,RXP,VMR_100002_91,HOLD
PD_100002,RXP,VMR_100002_92,HOLD
PD_100002,RXP,VMR_100002_93,HOLD
PD_100002,RXP,VMR_100002_94,HOLD
PD_100002,RXP,VMR_100002_95,HOLD
PD_100002,RXP,VMR_100002_96,HOLD
PD_100002,RXP,VMR_100002_97,HOLD
PD_100002,RXP,VMR_100002_98,HOLD
PD_100002,RXP,VMR_100002_99,HOLD
PD_100002,RXP,VMR_100002_100,HOLD
PD_100002,RXP,VMR_100002_101,HOLD
PD_100002,RXP,VMR_100002_102,HOLD
PD_100002,RXP,VMR_100002_103,HOLD
PD_100002,RXP,VMR_100002_104,HOLD
PD_100002,RXP,VMR_100002_105,HOLD
PD_100002,RXP,VMR_100002_106,HOLD
PD_100002,RXP,VMR_100002_107,HOLD
PD_100002,RXP,VMR_100002_108,HOLD
PD_100002,RXP,VMR_100002_109,HOLD
PD_100002,RXP,VMR_100002_110,HOLD
PD_100002,RXP,VMR_100002_111,HOLD
PD_100002,RXP,VMR_100002_112,HOLD
PD_100002,RXP,VMR_100002_113,HOLD
PD_100002,RXP,VMR_100002_114,HOLD
PD_100002,RXP,VMR_100002_115,HOLD
PD_100002,RXP,VMR_100002_116,HOLD
PD_100002,RXP,VMR_100002_117,HOLD
PD_100002,RXP,VMR_100002_118,HOLD
PD_100002,RXP,VMR_100002_119,HOLD
PD_100002,RXP,VMR_100002_120,HOLD
PD_100002,RXP,VMR_100002_121,HOLD
PD_100002,RXP,VMR_100002_122,HOLD
PD_100002,RXP,VMR_100002_123,HOLD
PD_100002,RXP,VMR_100002_124,HOLD
PD_100002,RXP,VMR_100002_125,HOLD
PD_100002,RXP,VMR_100002_126,HOLD
PD_100002,RXP,VMR_100002_127,HOLD
PD_100002,RXP,VMR_100002_128,HOLD
PD_100002,RXP,VMR_100002_129,HOLD
PD_100002,RXP,VMR_100002_130,HOLD
PD_100002,RXP,VMR_100002_131,HOLD
PD_100002,RXP,VMR_100002_132,HOLD
PD_100002,RXP,VMR_100002_133,HOLD
PD_100002,RXP,VMR_100002_134,HOLD
PD_100002,RXP,VMR_100002_135,HOLD
PD_100002,RXP,VMR_100002_136,HOLD
PD_100002,RXP,VMR_100002_137,HOLD
PD_100002,RXP,VMR_100002_138,HOLD
PD_100002,RXP,VMR_100002_139,HOLD
PD_100002,RXP,VMR_100002_140,HOLD
PD_100002,RXP,VMR_100002_141,HOLD
PD_100002,RXP,VMR_100002_142,HOLD
PD_100002,RXP,VMR_100002_143,HOLD
PD_100002,RXP,VMR_100002_144,HOLD
PD_100002,RXP,VMR_100002_145,HOLD
PD_100002,RXP,VMR_100002_146,HOLD
PD_100002,RXP,VMR_100002_147,HOLD
PD_100002,RXP,VMR_100002_148,HOLD
PD_100002,RXP,VMR_100002_149,HOLD
PD_100002,RXP,VMR_100002_150,HOLD
PD_100002,RXP,VMR_100002_151,HOLD
PD_100002,RXP,VMR_100002_152,HOLD
PD_100002,RXP,VMR_100002_153,HOLD
PD_100002,RXP,VMR_100002_154,HOLD
PD_100002,RXP,VMR_100002_155,HOLD
PD_100002,RXP,VMR_100002_156,HOLD
PD_100002,RXP,VMR_100002_157,HOLD
PD_100002,RXP,VMR_100002_158,HOLD
PD_100002,RXP,VMR_100002_159,HOLD
PD_100002,RXP,VMR_100002_160,HOLD
PD_100002,RXP,VMR_100002_161,HOLD
PD_100002,RXP,VMR_100002_162,HOLD
PD_100002,RXP,VMR_100002_163,HOLD
PD_100002,RXP,VMR_100002_164,HOLD
PD_100002,RXP,VMR_100002_165,HOLD
PD_100002,RXP,VMR_100002_166,HOLD
PD_100002,RXP,VMR_100002_167,HOLD
PD_100002,RXP,VMR_100002_168,HOLD
PD_100002,RXP,VMR_100002_169,HOLD
PD_100002,RXP,VMR_100002_170,HOLD
PD_100002,RXP,VMR_100002_171,HOLD
PD_100002,RXP,VMR_100002_172,HOLD
PD_100002,RXP,VMR_100002_173,HOLD
PD_100002,RXP,VMR_100002_174,HOLD
PD_100002,RXP,VMR_100002_175,HOLD
PD_100002,RXP,VMR_100002_176,HOLD
PD_100002,RXP,VMR_100002_177,HOLD
PD_100002,RXP,VMR_100002_178,HOLD
PD_100002,RXP,VMR_100002_179,HOLD
PD_100002,RXP,VMR_100002_180,HOLD
PD_100002,RXP,VMR_100002_181,HOLD
PD_100002,RXP,VMR_100002_182,HOLD
PD_100002,RXP,VMR_100002_183,HOLD
PD_100002,RXP,VMR_100002_184,HOLD
PD_100002,RXP,VMR_100002_185,HOLD
PD_100002,RXP,VMR_100002_186,HOLD
PD_100002,RXP,VMR_100002_187,HOLD
PD_100002,RXP,VMR_100002_188,HOLD
PD_100002,RXP,VMR_100002_189,HOLD
PD_100002,RXP,VMR_100002_190,HOLD
PD_100002,RXP,VMR_100002_191,HOLD
PD_100002,RXP,VMR_100002_192,HOLD
PD_100002,RXP,VMR_100002_193,HOLD
PD_100002,RXP,VMR_100002_194,HOLD
PD_100002,RXP,VMR_100002_195,HOLD
PD_100002,RXP,VMR_100002_196,HOLD
PD_100002,RXP,VMR_100002_197,HOLD
PD_100002,RXP,VMR_100002_198,HOLD
PD_100002,RXP,VMR_100002_199,HOLD
PD_100002,RXP,VMR_100002_200,HOLD
PD_100002,RXP,VMR_100002_201,HOLD
PD_100002,RXP,VMR_100002_202,HOLD
PD_100002,RXP,VMR_100002_203,HOLD
PD_100002,RXP,VMR_100002_204,HOLD
PD_100002,RXP,VMR_100002_205,HOLD
PD_100002,RXP,VMR_100002_206,HOLD
PD_100002,RXP,VMR_100002_207,HOLD
PD_100002,RXP,VMR_100002_208,HOLD
PD_100002,RXP,VMR_100002_209,HOLD
PD_100002,RXP,VMR_100002_210,HOLD
PD_100002,RXP,VMR_100002_211,HOLD
PD_100002,RXP,VMR_100002_212,HOLD
PD_100002,RXP,VMR_100002_213,HOLD
PD_100002,RXP,VMR_100002_214,HOLD
PD_100002,RXP,VMR_100002_215,HOLD
PD_100002,RXP,VMR_100002_216,HOLD
PD_100002,RXP,VMR_100002_217,HOLD
PD_100002,RXP,VMR_100002_218,HOLD
PD_100002,RXP,VMR_100002_219,HOLD
PD_100002,RXP,VMR_100002_220,HOLD
PD_100002,RXP,VMR_100002_221,HOLD
PD_100002,RXP,VMR_100002_222,HOLD
PD_100002,RXP,VMR_100002_223,HOLD
PD_100002,RXP,VMR_100002_224,HOLD
PD_100002,RXP,VMR_100002_225,HOLD
PD_100002,RXP,VMR_100002_226,HOLD
PD_100002,RXP,VMR_100002_227,HOLD
PD_100002,RXP,VMR_100002_228,HOLD
PD_100002,RXP,VMR_100002_229,HOLD
PD_100002,RXP,VMR_100002_230,HOLD
PD_100002,RXP,VMR_100002_231,HOLD
PD_100002,RXP,VMR_100002_232,HOLD
PD_100002,RXP,VMR_100002_233,HOLD
PD_100002,RXP,VMR_100002_234,HOLD
PD_100002,RXP,VMR_100002_235,HOLD
PD_100002,RXP,VMR_100002_236,HOLD
PD_100002,RXP,VMR_100002_237,HOLD
PD_100002,RXP,VMR_100002_238,HOLD
PD_100002,RXP,VMR_100002_239,HOLD
PD_100002,RXP,VMR_100002_240,HOLD
PD_100002,RXP,VMR_100002_241,HOLD
PD_100002,RXP,VMR_100002_242,HOLD
PD_100002,RXP,VMR_100002_243,HOLD
PD_100002,RXP,VMR_100002_244,HOLD
PD_100002,RXP,VMR_100002_245,HOLD
PD_100002,RXP,VMR_100002_246,HOLD
PD_100002,RXP,VMR_100002_247,HOLD
PD_100002,RXP,VMR_100002_248,HOLD
PD_100002,RXP,VMR_100002_249,HOLD
PD_100002,RXP,VMR_100002_250,HOLD
PD_100002,RXP,VMR_100002_251,HOLD
PD_100002,RXP,VMR_100002_252,HOLD
PD_100002,RXP,VMR_100002_253,HOLD
PD_100002,RXP,VMR_100002_254,HOLD
PD_100002,RXP,VMR_100002_255,HOLD
PD_100002,RXP,VMR_100002_256,HOLD
PD_100002,RXP,VMR_100002_257,HOLD
PD_100002,RXP,VMR_100002_258,HOLD
PD_100002,RXP,VMR_100002_259,HOLD
PD_100002,RXP,VMR_100002_260,HOLD
PD_100002,RXP,VMR_100002_261,HOLD
PD_100002,RXP,VMR_100002_262,HOLD
PD_100002,RXP,VMR_100002_263,HOLD
PD_100002,RXP,VMR_100002_264,HOLD
PD_100002,RXP,VMR_100002_265,HOLD
PD_100002,RXP,VMR_100002_266,HOLD
PD_100002,RXP,VMR_100002_267,HOLD
PD_100002,RXP,VMR_100002_268,HOLD
PD_100002,RXP,VMR_100002_269,HOLD
PD_100002,RXP,VMR_100002_270,HOLD
PD_100002,RXP,VMR_100002_271,HOLD
PD_100002,RXP,VMR_100002_272,HOLD
PD_100002,RXP,VMR_100002_273,HOLD
PD_100002,RXP,VMR_100002_274,HOLD
PD_100002,RXP,VMR_100002_275,HOLD
PD_100002,RXP,VMR_100002_276,HOLD
PD_100002,RXP,VMR_100002_277,HOLD
PD_100002,RXP,VMR_100002_278,HOLD
PD_100002,RXP,VMR_100002_279,HOLD
PD_100002,RXP,VMR_100002_280,HOLD
PD_100002,RXP,VMR_100002_281,HOLD
PD_100002,RXP,VMR_100002_282,HOLD
PD_100002,RXP,VMR_100002_283,HOLD
PD_100002,RXP,VMR_100002_284,HOLD
PD_100002,RXP,VMR_100002_285,HOLD
PD_100002,RXP,VMR_100002_286,HOLD
PD_100002,RXP,VMR_100002_287,HOLD
PD_100002,RXP,VMR_100002_288,HOLD
PD_100002,RXP,VMR_100002_289,HOLD
PD_100002,RXP,VMR_100002_290,HOLD
PD_100002,RXP,VMR_100002_291,HOLD
PD_100002,RXP,VMR_100002_292,HOLD
PD_100002,RXP,VMR_100002_293,HOLD
PD_100002,RXP,VMR_100002_294,HOLD
PD_100002,RXP,VMR_100002_295,HOLD
PD_100002,RXP,VMR_100002_296,HOLD
PD_100002,RXP,VMR_100002_297,HOLD
PD_100002,RXP,VMR_100002_298,HOLD
PD_100002,RXP,VMR_100002_299,HOLD
PD_100002,RXP,VMR_100002_300,HOLD
PD_100002,RXP,VMR_100002_301,HOLD
PD_100002,RXP,VMR_100002_302,HOLD
PD_100002,RXP,VMR_100002_303,HOLD
PD_100002,RXP,VMR_100002_304,HOLD
PD_100002,RXP,VMR_100002_305,HOLD
PD_100002,RXP,VMR_100002_306,HOLD
PD_100002,RXP,VMR_100002_307,HOLD
PD_100002,RXP,VMR_100002_308,HOLD
PD_100002,RXP,VMR_100002_309,HOLD
PD_100002,RXP,VMR_100002_310,HOLD
PD_100002,RXP,VMR_100002_311,HOLD
PD_100002,RXP,VMR_100002_312,HOLD
PD_100002,RXP,VMR_100002_313,HOLD
PD_100002,RXP,VMR_100002_314,HOLD
PD_100002,RXP,VMR_100002_315,HOLD
PD_100002,RXP,VMR_100002_316,HOLD
PD_100002,RXP,VMR_100002_317,HOLD
PD_100002,RXP,VMR_100002_318,HOLD
PD_100002,RXP,VMR_100002_319,HOLD
PD_100002,RXP,VMR_100002_320,HOLD
PD_100002,RXP,VMR_100002_321,HOLD
PD_100002,RXP,VMR_100002_322,HOLD
PD_100002,RXP,VMR_100002_323,HOLD
PD_100002,RXP,VMR_100002_324,HOLD
PD_100002,RXP,VMR_100002_325,HOLD
PD_100002,RXP,VMR_100002_326,HOLD
PD_100002,RXP,VMR_100002_327,HOLD
PD_100002,RXP,VMR_100002_328,HOLD
PD_100002,RXP,VMR_100002_329,HOLD
PD_100002,RXP,VMR_100002_330,HOLD
PD_100002,RXP,VMR_100002_331,HOLD
PD_100002,RXP,VMR_100002_332,HOLD
PD_100002,RXP,VMR_100002_333,HOLD
PD_100002,RXP,VMR_100002_334,HOLD
PD_100002,RXP,VMR_100002_335,HOLD
PD_100002,RXP,VMR_100002_336,HOLD
PD_100002,RXP,VMR_100002_337,HOLD
PD_100002,RXP,VMR_100002_338,HOLD
PD_100002,RXP,VMR_100002_339,HOLD
PD_100002,RXP,VMR_100002_340,HOLD
PD_100002,RXP,VMR_100002_341,HOLD
PD_100002,RXP,VMR_100002_342,HOLD
PD_100002,RXP,VMR_100002_343,HOLD
PD_100002,RXP,VMR_100002_344,HOLD
PD_100002,RXP,VMR_100002_345,HOLD
PD_100002,RXP,VMR_100002_346,HOLD
PD_100002,RXP,VMR_100002_347,HOLD
PD_100002,RXP,VMR_100002_348,HOLD
PD_100002,RXP,VMR_100002_349,HOLD
PD_100002,RXP,VMR_100002_350,HOLD
PD_100002,RXP,VMR_100002_351,HOLD
PD_100002,RXP,VMR_100002_352,HOLD
PD_100002,RXP,VMR_100002_353,HOLD
PD_100002,RXP,VMR_100002_354,HOLD
PD_100002,RXP,VMR_100002_355,HOLD
PD_100002,RXP,VMR_100002_356,HOLD
PD_100002,RXP,VMR_100002_357,HOLD
PD_100002,RXP,VMR_100002_358,HOLD
PD_100002,RXP,VMR_100002_359,HOLD
PD_100002,RXP,VMR_100002_360,HOLD
PD_100002,RXP,VMR_100002_361,HOLD
PD_100002,RXP,VMR_100002_362,HOLD
PD_100002,RXP,VMR_100002_363,HOLD
PD_100002,RXP,VMR_100002_364,HOLD
PD_100002,RXP,VMR_100002_365,HOLD
PD_100002,RXP,VMR_100002_366,HOLD
PD_100002,RXP,VMR_100002_367,HOLD
PD_100002,RXP,VMR_100002_368,HOLD
PD_100002,RXP,VMR_100002_369,HOLD
PD_100002,RXP,VMR_100002_370,HOLD
PD_100002,RXP,VMR_100002_371,HOLD
PD_100002,RP,VMR_100002_372,HOLD
PD_100002,RP,VMR_100002_373,HOLD
PD_100002,RP,VMR_100002_374,HOLD
PD_100002,RP,VMR_100002_375,HOLD
PD_100002,RP,VMR_100002_376,HOLD
PD_100002,RP,VMR_100002_377,HOLD
PD_100002,RP,VMR_100002_378,HOLD
PD_100002,RP,VMR_100002_379,HOLD
PD_100002,RP,VMR_100002_380,HOLD
PD_100002,RP,VMR_100002_381,HOLD
PD_100002,RP,VMR_100002_382,HOLD
PD_100002,RP,VMR_100002_383,HOLD
PD_100002,RP,VMR_100002_384,HOLD
PD_100002,RP,VMR_100002_385,HOLD
PD_100002,RP,VMR_100002_386,HOLD
PD_100002,RP,VMR_100002_387,HOLD
PD_100002,RP,VMR_100002_388,HOLD
PD_100002,RP,VMR_100002_389,HOLD
PD_100002,RP,VMR_100002_390,HOLD
PD_100002,RP,VMR_100002_391,HOLD
PD_100002,RP,VMR_100002_392,HOLD
PD_100002,RP,VMR_100002_393,HOLD
PD_100002,RP,VMR_100002_394,HOLD
PD_100002,RP,VMR_100002_395,HOLD
PD_100002,RP,VMR_100002_396,HOLD
PD_100002,RP,VMR_100002_397,HOLD
PD_100002,RP,VMR_100002_398,HOLD
PD_100002,RP,VMR_100002_399,HOLD
PD_100002,RP,VMR_100002_400,HOLD
PD_100002,RP,VMR_100002_401,HOLD
PD_100002,RP,VMR_100002_402,HOLD
PD_100002,RP,VMR_100002_403,HOLD
PD_100002,RP,VMR_100002_404,HOLD
PD_100002,RP,VMR_100002_405,HOLD
PD_100002,RP,VMR_100002_406,HOLD
PD_100002,RP,VMR_100002_407,HOLD
PD_100002,RP,VMR_100002_408,HOLD
PD_100002,RP,VMR_100002_409,HOLD
PD_100002,RP,VMR_100002_410,HOLD
PD_100002,RP,VMR_100002_411,HOLD
PD_100002,RP,VMR_100002_412,HOLD
PD_100002,RP,VMR_100002_413,HOLD
PD_100002,RP,VMR_100002_414,HOLD
PD_100002,RP,VMR_100002_415,HOLD
PD_100002,RP,VMR_100002_416,HOLD
PD_100002,RP,VMR_100002_417,HOLD
PD_100002,RP,VMR_100002_418,HOLD
PD_100002,RP,VMR_100002_419,HOLD
PD_100002,RP,VMR_100002_420,HOLD
PD_100002,RP,VMR_100002_421,HOLD
PD_100002,RP,VMR_100002_422,HOLD
PD_100002,RP,VMR_100002_423,HOLD
PD_100002,RP,VMR_100002_424,HOLD
PD_100002,RP,VMR_100002_425,HOLD
PD_100002,RP,VMR_100002_426,HOLD
PD_100002,RP,VMR_100002_427,HOLD
PD_100002,RP,VMR_100002_428,HOLD
PD_100002,RP,VMR_100002_429,HOLD
PD_100002,RP,VMR_100002_430,HOLD
PD_100002,RP,VMR_100002_431,HOLD
PD_100002,RP,VMR_100002_432,HOLD
PD_100002,RP,VMR_100002_433,HOLD
PD_100002,RP,VMR_100002_434,HOLD
PD_100002,RP,VMR_100002_435,HOLD
PD_100002,RP,VMR_100002_436,HOLD
PD_100002,RP,VMR_100002_437,HOLD
PD_100002,RP,VMR_100002_438,HOLD
PD_100002,RP,VMR_100002_439,HOLD
PD_100002,RP,VMR_100002_440,HOLD
PD_100002,RP,VMR_100002_441,HOLD
PD_100002,RP,VMR_100002_442,HOLD
PD_100002,RP,VMR_100002_443,HOLD
PD_100002,RP,VMR_100002_444,HOLD
PD_100002,RP,VMR_100002_445,HOLD
PD_100002,RP,VMR_100002_446,HOLD
PD_100002,RP,VMR_100002_447,HOLD
PD_100002,RP,VMR_100002_448,HOLD
PD_100002,RP,VMR_100002_449,HOLD
PD_100002,RP,VMR_100002_450,HOLD
PD_100002,RP,VMR_100002_451,HOLD
PD_100002,RP,VMR_100002_452,HOLD
PD_100002,RP,VMR_100002_453,HOLD
PD_100002,RP,VMR_100002_454,HOLD
PD_100002,RP,VMR_100002_455,HOLD
PD_100002,RP,VMR_100002_456,HOLD
PD_100002,RP,VMR_100002_457,HOLD
PD_100002,RP,VMR_100002_458,HOLD
PD_100002,RWP,VMR_100002_459,HOLD
PD_100002,RWP,VMR_100002_460,HOLD
PD_100002,RWP,VMR_100002_461,HOLD
PD_100002,RWP,VMR_100002_462,HOLD
PD_100002,RWP,VMR_100002_463,HOLD
PD_100002,RWP,VMR_100002_464,HOLD
PD_100002,RWP,VMR_100002_465,HOLD
PD_100002,RWP,VMR_100002_466,HOLD
PD_100002,RWP,VMR_100002_467,HOLD
PD_100002,RWP,VMR_100002_468,HOLD
PD_100002,RWP,VMR_100002_469,HOLD
PD_100002,RWP,VMR_100002_470,HOLD
PD_100002,RWP,VMR_100002_471,HOLD
PD_100002,RWP,VMR_100002_472,HOLD
PD_100002,RWP,VMR_100002_473,HOLD
PD_100002,RWP,VMR_100002_474,HOLD
PD_100002,RWP,VMR_100002_475,HOLD
PD_100002,RP,VMR_100002_476,HOLD
PD_100002,RP,VMR_100002_477,HOLD
PD_100002,RXP,VMR_100002_478,HOLD
PD_100002,RXP,VMR_100002_479,HOLD
PD_100002,RXP,VMR_100002_480,HOLD
PD_100002,RXP,VMR_100002_481,HOLD
PD_100002,RXP,VMR_100002_482,HOLD
PD_100002,RXP,VMR_100002_483,HOLD
PD_100002,RXP,VMR_100002_484,HOLD
PD_100002,RXP,VMR_100002_485,HOLD
PD_100002,RXP,VMR_100002_486,HOLD
PD_100002,RXP,VMR_100002_487,HOLD
PD_100002,RXP,VMR_100002_488,HOLD
PD_100002,RXP,VMR_100002_489,HOLD
PD_100002,RXP,VMR_100002_490,HOLD
PD_100002,RXP,VMR_100002_491,HOLD
PD_100002,RXP,VMR_100002_492,HOLD
PD_100002,RXP,VMR_100002_493,HOLD
PD_100002,RXP,VMR_100002_494,HOLD
PD_100002,RXP,VMR_100002_495,HOLD
PD_100002,RXP,VMR_100002_496,HOLD
PD_100002,RXP,VMR_100002_497,HOLD
PD_100002,RXP,VMR_100002_498,HOLD
PD_100002,RXP,VMR_100002_499,HOLD
PD_100002,RXP,VMR_100002_500,HOLD
PD_100002,RXP,VMR_100002_501,HOLD
PD_100002,RXP,VMR_100002_502,HOLD
PD_100002,RXP,VMR_100002_503,HOLD
PD_100002,RXP,VMR_100002_504,HOLD
PD_100002,RXP,VMR_100002_505,HOLD
PD_100002,RXP,VMR_100002_506,HOLD
PD_100002,RXP,VMR_100002_507,HOLD
PD_100002,RXP,VMR_100002_508,HOLD
PD_100002,RP,VMR_100002_509,HOLD
PD_100002,RP,VMR_100002_510,HOLD
PD_100002,RP,VMR_100002_511,HOLD
PD_100002,RP,VMR_100002_512,HOLD
PD_100002,RP,VMR_100002_513,HOLD
PD_100002,RP,VMR_100002_514,HOLD
PD_100002,RP,VMR_100002_515,HOLD
PD_100002,RP,VMR_100002_516,HOLD
PD_100002,RP,VMR_100002_517,HOLD
PD_100002,RP,VMR_100002_518,HOLD
PD_100002,RP,VMR_100002_519,HOLD
PD_100002,RP,VMR_100002_520,HOLD
PD_100002,RP,VMR_100002_521,HOLD
PD_100002,RWP,VMR_100002_522,HOLD
PD_100002,RWP,VMR_100002_523,HOLD
PD_100002,RWP,VMR_100002_524,HOLD
PD_100002,RWP,VMR_100002_525,HOLD
PD_100002,RWP,VMR_100002_526,HOLD
PD_100002,RWP,VMR_100002_527,HOLD
PD_100002,RWP,VMR_100002_528,HOLD
PD_100002,RWP,VMR_100002_529,HOLD
PD_100002,RWP,VMR_100002_530,HOLD
PD_100002,RWP,VMR_100002_531,HOLD
PD_100002,RWP,VMR_100002_532,HOLD
PD_100002,RWP,VMR_100002_533,HOLD
PD_100002,RWP,VMR_100002_534,HOLD
PD_100002,RWP,VMR_100002_535,HOLD
PD_100002,RWP,VMR_100002_536,HOLD
PD_100002,RWP,VMR_100002_537,HOLD
PD_100002,RWP,VMR_100002_538,HOLD
PD_100002,RWP,VMR_100002_539,HOLD
PD_100002,RWP,VMR_100002_540,HOLD
PD_100002,RWP,VMR_100002_541,HOLD
PD_100002,RWP,VMR_100002_542,HOLD
PD_100002,RWP,VMR_100002_543,HOLD
PD_100002,RWP,VMR_100002_544,HOLD
PD_100002,RWP,VMR_100002_545,HOLD
PD_100002,RWP,VMR_100002_546,HOLD
PD_100002,RWP,VMR_100002_547,HOLD
PD_100002,RWP,VMR_100002_548,HOLD
PD_100002,RWP,VMR_100002_549,HOLD
PD_100002,RWP,VMR_100002_550,HOLD
PD_100002,RWP,VMR_100002_551,HOLD
PD_100002,RWP,VMR_100002_552,HOLD
PD_100002,RWP,VMR_100002_553,HOLD
PD_100002,RWP,VMR_100002_554,HOLD
PD_100002,RWP,VMR_100002_555,HOLD
PD_100002,RWP,VMR_100002_556,HOLD
PD_100002,RP,VMR_100002_557,HOLD
PD_100002,RP,VMR_100002_558,HOLD
PD_100002,RP,VMR_100002_559,HOLD
PD_100002,RP,VMR_100002_560,HOLD
PD_100002,RXP,VMR_100002_561,HOLD
PD_100002,RXP,VMR_100002_562,HOLD
VMR_SPACE_100002,NONE,MO_SPACE_100001,MAP
VMR_100002_1,NONE,VMR_SPACE_100002,SUBSET
VMR_100002_1,NONE,MO_100001_2,MAP
VMR_100002_2,NONE,VMR_SPACE_100002,SUBSET
VMR_100002_2,NONE,MO_100001_3,MAP
VMR_100002_3,NONE,VMR_SPACE_100002,SUBSET
VMR_100002_3,NONE,MO_100001_4,MAP
VMR_100002_4,NONE,VMR_SPACE_100002,SUBSET
VMR_100002_4,NONE,MO_100001_10,MAP
VMR_100002_5,NONE,VMR_SPACE_100002,SUBSET
VMR_100002_5,NONE,MO_100001_5,MAP
VMR_100002_6,NONE,VMR_SPACE_100002,SUBSET
VMR_100002_6,NONE,MO_100001_26,MAP
VMR_100002_7,NONE,VMR_SPACE_100002,SUBSET
VMR_100002_7,NONE,MO_100001_27,MAP
VMR_100002_8,NONE,VMR_SPACE_100002,SUBSET
VMR_100002_9,NONE,VMR_SPACE_100002,SUBSET
VMR_100002_10,NONE,VMR_SPACE_100002,SUBSET
VMR_100002_11,NONE,VMR_SPACE_100002,SUBSET
VMR_100002_12,NONE,VMR_SPACE_100002,SUBSET
VMR_100002_13,NONE,VMR_SPACE_100002,SUBSET
VMR_100002_14,NONE,VMR_SPACE_100002,SUBSET
VMR_100002_15,NONE,VMR_SPACE_100002,SUBSET
VMR_100002_16,NONE,VMR_SPACE_100002,SUBSET
VMR_100002_17,NONE,VMR_SPACE_100002,SUBSET
VMR_100002_18,NONE,VMR_SPACE_100002,SUBSET
VMR_100002_19,NONE,VMR_SPACE_100002,SUBSET
VMR_100002_20,NONE,VMR_SPACE_100002,SUBSET
VMR_100002_21,NONE,VMR_SPACE_100002,SUBSET
VMR_100002_22,NONE,VMR_SPACE_100002,SUBSET
VMR_100002_23,NONE,VMR_SPACE_100002,SUBSET
VMR_100002_24,NONE,VMR_SPACE_100002,SUBSET
VMR_100002_25,NONE,VMR_SPACE_100002,SUBSET
VMR_100002_26,NONE,VMR_SPACE_100002,SUBSET
VMR_100002_27,NONE,VMR_SPACE_100002,SUBSET
VMR_100002_28,NONE,VMR_SPACE_100002,SUBSET
VMR_100002_29,NONE,VMR_SPACE_100002,SUBSET
VMR_100002_30,NONE,VMR_SPACE_100002,SUBSET
VMR_100002_31,NONE,VMR_SPACE_100002,SUBSET
VMR_100002_32,NONE,VMR_SPACE_100002,SUBSET
VMR_100002_33,NONE,VMR_SPACE_100002,SUBSET
VMR_100002_34,NONE,VMR_SPACE_100002,SUBSET
VMR_100002_35,NONE,VMR_SPACE_100002,SUBSET
VMR_100002_36,NONE,VMR_SPACE_100002,SUBSET
VMR_100002_37,NONE,VMR_SPACE_100002,SUBSET
VMR_100002_38,NONE,VMR_SPACE_100002,SUBSET
VMR_100002_39,NONE,VMR_SPACE_100002,SUBSET
VMR_100002_39,NONE,MO_100001_16,MAP
VMR_100002_40,NONE,VMR_SPACE_100002,SUBSET
VMR_100002_41,NONE,VMR_SPACE_100002,SUBSET
VMR_100002_41,NONE,MO_100001_28,MAP
VMR_100002_42,NONE,VMR_SPACE_100002,SUBSET
VMR_100002_42,NONE,MO_100001_29,MAP
VMR_100002_43,NONE,VMR_SPACE_100002,SUBSET
VMR_100002_43,NONE,MO_100001_30,MAP
VMR_100002_44,NONE,VMR_SPACE_100002,SUBSET
VMR_100002_44,NONE,MO_100001_31,MAP
VMR_100002_45,NONE,VMR_SPACE_100002,SUBSET
VMR_100002_45,NONE,MO_100001_173,MAP
VMR_100002_46,NONE,VMR_SPACE_100002,SUBSET
VMR_100002_46,NONE,MO_100001_174,MAP
VMR_100002_47,NONE,VMR_SPACE_100002,SUBSET
VMR_100002_47,NONE,MO_100001_175,MAP
VMR_100002_48,NONE,VMR_SPACE_100002,SUBSET
VMR_100002_48,NONE,MO_100001_176,MAP
VMR_100002_49,NONE,VMR_SPACE_100002,SUBSET
VMR_100002_49,NONE,MO_100001_212,MAP
VMR_100002_50,NONE,VMR_SPACE_100002,SUBSET
VMR_100002_50,NONE,MO_100001_213,MAP
VMR_100002_51,NONE,VMR_SPACE_100002,SUBSET
VMR_100002_51,NONE,MO_100001_214,MAP
VMR_100002_52,NONE,VMR_SPACE_100002,SUBSET
VMR_100002_52,NONE,MO_100001_215,MAP
VMR_100002_53,NONE,VMR_SPACE_100002,SUBSET
VMR_100002_53,NONE,MO_100001_195,MAP
VMR_100002_54,NONE,VMR_SPACE_100002,SUBSET
VMR_100002_54,NONE,MO_100001_196,MAP
VMR_100002_55,NONE,VMR_SPACE_100002,SUBSET
VMR_100002_55,NONE,MO_100001_140,MAP
VMR_100002_56,NONE,VMR_SPACE_100002,SUBSET
VMR_100002_56,NONE,MO_100001_177,MAP
VMR_100002_57,NONE,VMR_SPACE_100002,SUBSET
VMR_100002_57,NONE,MO_100001_178,MAP
VMR_100002_58,NONE,VMR_SPACE_100002,SUBSET
VMR_100002_58,NONE,MO_100001_179,MAP
VMR_100002_59,NONE,VMR_SPACE_100002,SUBSET
VMR_100002_59,NONE,MO_100001_180,MAP
VMR_100002_60,NONE,VMR_SPACE_100002,SUBSET
VMR_100002_60,NONE,MO_100001_181,MAP
VMR_100002_61,NONE,VMR_SPACE_100002,SUBSET
VMR_100002_61,NONE,MO_100001_182,MAP
VMR_100002_62,NONE,VMR_SPACE_100002,SUBSET
VMR_100002_62,NONE,MO_100001_183,MAP
VMR_100002_63,NONE,VMR_SPACE_100002,SUBSET
VMR_100002_63,NONE,MO_100001_184,MAP
VMR_100002_64,NONE,VMR_SPACE_100002,SUBSET
VMR_100002_64,NONE,MO_100001_32,MAP
VMR_100002_65,NONE,VMR_SPACE_100002,SUBSET
VMR_100002_65,NONE,MO_100001_33,MAP
VMR_100002_66,NONE,VMR_SPACE_100002,SUBSET
VMR_100002_66,NONE,MO_100001_34,MAP
VMR_100002_67,NONE,VMR_SPACE_100002,SUBSET
VMR_100002_67,NONE,MO_100001_35,MAP
VMR_100002_68,NONE,VMR_SPACE_100002,SUBSET
VMR_100002_68,NONE,MO_100001_36,MAP
VMR_100002_69,NONE,VMR_SPACE_100002,SUBSET
VMR_100002_69,NONE,MO_100001_37,MAP
VMR_100002_70,NONE,VMR_SPACE_100002,SUBSET
VMR_100002_70,NONE,MO_100001_38,MAP
VMR_100002_71,NONE,VMR_SPACE_100002,SUBSET
VMR_100002_71,NONE,MO_100001_39,MAP
VMR_100002_72,NONE,VMR_SPACE_100002,SUBSET
VMR_100002_72,NONE,MO_100001_40,MAP
VMR_100002_73,NONE,VMR_SPACE_100002,SUBSET
VMR_100002_73,NONE,MO_100001_41,MAP
VMR_100002_74,NONE,VMR_SPACE_100002,SUBSET
VMR_100002_74,NONE,MO_100001_42,MAP
VMR_100002_75,NONE,VMR_SPACE_100002,SUBSET
VMR_100002_75,NONE,MO_100001_43,MAP
VMR_100002_76,NONE,VMR_SPACE_100002,SUBSET
VMR_100002_76,NONE,MO_100001_44,MAP
VMR_100002_77,NONE,VMR_SPACE_100002,SUBSET
VMR_100002_77,NONE,MO_100001_45,MAP
VMR_100002_78,NONE,VMR_SPACE_100002,SUBSET
VMR_100002_78,NONE,MO_100001_46,MAP
VMR_100002_79,NONE,VMR_SPACE_100002,SUBSET
VMR_100002_79,NONE,MO_100001_47,MAP
VMR_100002_80,NONE,VMR_SPACE_100002,SUBSET
VMR_100002_80,NONE,MO_100001_216,MAP
VMR_100002_81,NONE,VMR_SPACE_100002,SUBSET
VMR_100002_81,NONE,MO_100001_217,MAP
VMR_100002_82,NONE,VMR_SPACE_100002,SUBSET
VMR_100002_82,NONE,MO_100001_218,MAP
VMR_100002_83,NONE,VMR_SPACE_100002,SUBSET
VMR_100002_83,NONE,MO_100001_219,MAP
VMR_100002_84,NONE,VMR_SPACE_100002,SUBSET
VMR_100002_84,NONE,MO_100001_220,MAP
VMR_100002_85,NONE,VMR_SPACE_100002,SUBSET
VMR_100002_85,NONE,MO_100001_221,MAP
VMR_100002_86,NONE,VMR_SPACE_100002,SUBSET
VMR_100002_86,NONE,MO_100001_222,MAP
VMR_100002_87,NONE,VMR_SPACE_100002,SUBSET
VMR_100002_88,NONE,VMR_SPACE_100002,SUBSET
VMR_100002_88,NONE,MO_100001_48,MAP
VMR_100002_89,NONE,VMR_SPACE_100002,SUBSET
VMR_100002_89,NONE,MO_100001_49,MAP
VMR_100002_90,NONE,VMR_SPACE_100002,SUBSET
VMR_100002_90,NONE,MO_100001_185,MAP
VMR_100002_91,NONE,VMR_SPACE_100002,SUBSET
VMR_100002_91,NONE,MO_100001_186,MAP
VMR_100002_92,NONE,VMR_SPACE_100002,SUBSET
VMR_100002_92,NONE,MO_100001_187,MAP
VMR_100002_93,NONE,VMR_SPACE_100002,SUBSET
VMR_100002_93,NONE,MO_100001_188,MAP
VMR_100002_94,NONE,VMR_SPACE_100002,SUBSET
VMR_100002_94,NONE,MO_100001_189,MAP
VMR_100002_95,NONE,VMR_SPACE_100002,SUBSET
VMR_100002_95,NONE,MO_100001_190,MAP
VMR_100002_96,NONE,VMR_SPACE_100002,SUBSET
VMR_100002_96,NONE,MO_100001_191,MAP
VMR_100002_97,NONE,VMR_SPACE_100002,SUBSET
VMR_100002_97,NONE,MO_100001_192,MAP
VMR_100002_98,NONE,VMR_SPACE_100002,SUBSET
VMR_100002_98,NONE,MO_100001_193,MAP
VMR_100002_99,NONE,VMR_SPACE_100002,SUBSET
VMR_100002_99,NONE,MO_100001_194,MAP
VMR_100002_100,NONE,VMR_SPACE_100002,SUBSET
VMR_100002_101,NONE,VMR_SPACE_100002,SUBSET
VMR_100002_102,NONE,VMR_SPACE_100002,SUBSET
VMR_100002_103,NONE,VMR_SPACE_100002,SUBSET
VMR_100002_104,NONE,VMR_SPACE_100002,SUBSET
VMR_100002_105,NONE,VMR_SPACE_100002,SUBSET
VMR_100002_106,NONE,VMR_SPACE_100002,SUBSET
VMR_100002_107,NONE,VMR_SPACE_100002,SUBSET
VMR_100002_108,NONE,VMR_SPACE_100002,SUBSET
VMR_100002_109,NONE,VMR_SPACE_100002,SUBSET
VMR_100002_110,NONE,VMR_SPACE_100002,SUBSET
VMR_100002_111,NONE,VMR_SPACE_100002,SUBSET
VMR_100002_112,NONE,VMR_SPACE_100002,SUBSET
VMR_100002_113,NONE,VMR_SPACE_100002,SUBSET
VMR_100002_114,NONE,VMR_SPACE_100002,SUBSET
VMR_100002_115,NONE,VMR_SPACE_100002,SUBSET
VMR_100002_116,NONE,VMR_SPACE_100002,SUBSET
VMR_100002_117,NONE,VMR_SPACE_100002,SUBSET
VMR_100002_118,NONE,VMR_SPACE_100002,SUBSET
VMR_100002_119,NONE,VMR_SPACE_100002,SUBSET
VMR_100002_120,NONE,VMR_SPACE_100002,SUBSET
VMR_100002_121,NONE,VMR_SPACE_100002,SUBSET
VMR_100002_122,NONE,VMR_SPACE_100002,SUBSET
VMR_100002_123,NONE,VMR_SPACE_100002,SUBSET
VMR_100002_124,NONE,VMR_SPACE_100002,SUBSET
VMR_100002_125,NONE,VMR_SPACE_100002,SUBSET
VMR_100002_126,NONE,VMR_SPACE_100002,SUBSET
VMR_100002_127,NONE,VMR_SPACE_100002,SUBSET
VMR_100002_128,NONE,VMR_SPACE_100002,SUBSET
VMR_100002_129,NONE,VMR_SPACE_100002,SUBSET
VMR_100002_130,NONE,VMR_SPACE_100002,SUBSET
VMR_100002_131,NONE,VMR_SPACE_100002,SUBSET
VMR_100002_132,NONE,VMR_SPACE_100002,SUBSET
VMR_100002_132,NONE,MO_100001_244,MAP
VMR_100002_133,NONE,VMR_SPACE_100002,SUBSET
VMR_100002_133,NONE,MO_100001_245,MAP
VMR_100002_134,NONE,VMR_SPACE_100002,SUBSET
VMR_100002_134,NONE,MO_100001_246,MAP
VMR_100002_135,NONE,VMR_SPACE_100002,SUBSET
VMR_100002_135,NONE,MO_100001_247,MAP
VMR_100002_136,NONE,VMR_SPACE_100002,SUBSET
VMR_100002_136,NONE,MO_100001_248,MAP
VMR_100002_137,NONE,VMR_SPACE_100002,SUBSET
VMR_100002_137,NONE,MO_100001_249,MAP
VMR_100002_138,NONE,VMR_SPACE_100002,SUBSET
VMR_100002_138,NONE,MO_100001_250,MAP
VMR_100002_139,NONE,VMR_SPACE_100002,SUBSET
VMR_100002_139,NONE,MO_100001_251,MAP
VMR_100002_140,NONE,VMR_SPACE_100002,SUBSET
VMR_100002_140,NONE,MO_100001_252,MAP
VMR_100002_141,NONE,VMR_SPACE_100002,SUBSET
VMR_100002_141,NONE,MO_100001_253,MAP
VMR_100002_142,NONE,VMR_SPACE_100002,SUBSET
VMR_100002_142,NONE,MO_100001_254,MAP
VMR_100002_143,NONE,VMR_SPACE_100002,SUBSET
VMR_100002_143,NONE,MO_100001_255,MAP
VMR_100002_144,NONE,VMR_SPACE_100002,SUBSET
VMR_100002_144,NONE,MO_100001_256,MAP
VMR_100002_145,NONE,VMR_SPACE_100002,SUBSET
VMR_100002_145,NONE,MO_100001_257,MAP
VMR_100002_146,NONE,VMR_SPACE_100002,SUBSET
VMR_100002_146,NONE,MO_100001_142,MAP
VMR_100002_147,NONE,VMR_SPACE_100002,SUBSET
VMR_100002_147,NONE,MO_100001_143,MAP
VMR_100002_148,NONE,VMR_SPACE_100002,SUBSET
VMR_100002_148,NONE,MO_100001_144,MAP
VMR_100002_149,NONE,VMR_SPACE_100002,SUBSET
VMR_100002_149,NONE,MO_100001_145,MAP
VMR_100002_150,NONE,VMR_SPACE_100002,SUBSET
VMR_100002_150,NONE,MO_100001_146,MAP
VMR_100002_151,NONE,VMR_SPACE_100002,SUBSET
VMR_100002_151,NONE,MO_100001_147,MAP
VMR_100002_152,NONE,VMR_SPACE_100002,SUBSET
VMR_100002_152,NONE,MO_100001_148,MAP
VMR_100002_153,NONE,VMR_SPACE_100002,SUBSET
VMR_100002_153,NONE,MO_100001_149,MAP
VMR_100002_154,NONE,VMR_SPACE_100002,SUBSET
VMR_100002_154,NONE,MO_100001_150,MAP
VMR_100002_155,NONE,VMR_SPACE_100002,SUBSET
VMR_100002_155,NONE,MO_100001_151,MAP
VMR_100002_156,NONE,VMR_SPACE_100002,SUBSET
VMR_100002_156,NONE,MO_100001_152,MAP
VMR_100002_157,NONE,VMR_SPACE_100002,SUBSET
VMR_100002_157,NONE,MO_100001_153,MAP
VMR_100002_158,NONE,VMR_SPACE_100002,SUBSET
VMR_100002_158,NONE,MO_100001_154,MAP
VMR_100002_159,NONE,VMR_SPACE_100002,SUBSET
VMR_100002_159,NONE,MO_100001_155,MAP
VMR_100002_160,NONE,VMR_SPACE_100002,SUBSET
VMR_100002_160,NONE,MO_100001_156,MAP
VMR_100002_161,NONE,VMR_SPACE_100002,SUBSET
VMR_100002_161,NONE,MO_100001_157,MAP
VMR_100002_162,NONE,VMR_SPACE_100002,SUBSET
VMR_100002_162,NONE,MO_100001_158,MAP
VMR_100002_163,NONE,VMR_SPACE_100002,SUBSET
VMR_100002_163,NONE,MO_100001_159,MAP
VMR_100002_164,NONE,VMR_SPACE_100002,SUBSET
VMR_100002_164,NONE,MO_100001_160,MAP
VMR_100002_165,NONE,VMR_SPACE_100002,SUBSET
VMR_100002_165,NONE,MO_100001_161,MAP
VMR_100002_166,NONE,VMR_SPACE_100002,SUBSET
VMR_100002_166,NONE,MO_100001_162,MAP
VMR_100002_167,NONE,VMR_SPACE_100002,SUBSET
VMR_100002_167,NONE,MO_100001_163,MAP
VMR_100002_168,NONE,VMR_SPACE_100002,SUBSET
VMR_100002_168,NONE,MO_100001_164,MAP
VMR_100002_169,NONE,VMR_SPACE_100002,SUBSET
VMR_100002_169,NONE,MO_100001_165,MAP
VMR_100002_170,NONE,VMR_SPACE_100002,SUBSET
VMR_100002_170,NONE,MO_100001_166,MAP
VMR_100002_171,NONE,VMR_SPACE_100002,SUBSET
VMR_100002_171,NONE,MO_100001_167,MAP
VMR_100002_172,NONE,VMR_SPACE_100002,SUBSET
VMR_100002_172,NONE,MO_100001_258,MAP
VMR_100002_173,NONE,VMR_SPACE_100002,SUBSET
VMR_100002_173,NONE,MO_100001_259,MAP
VMR_100002_174,NONE,VMR_SPACE_100002,SUBSET
VMR_100002_174,NONE,MO_100001_260,MAP
VMR_100002_175,NONE,VMR_SPACE_100002,SUBSET
VMR_100002_175,NONE,MO_100001_261,MAP
VMR_100002_176,NONE,VMR_SPACE_100002,SUBSET
VMR_100002_176,NONE,MO_100001_262,MAP
VMR_100002_177,NONE,VMR_SPACE_100002,SUBSET
VMR_100002_177,NONE,MO_100001_263,MAP
VMR_100002_178,NONE,VMR_SPACE_100002,SUBSET
VMR_100002_178,NONE,MO_100001_264,MAP
VMR_100002_179,NONE,VMR_SPACE_100002,SUBSET
VMR_100002_179,NONE,MO_100001_265,MAP
VMR_100002_180,NONE,VMR_SPACE_100002,SUBSET
VMR_100002_180,NONE,MO_100001_266,MAP
VMR_100002_181,NONE,VMR_SPACE_100002,SUBSET
VMR_100002_181,NONE,MO_100001_267,MAP
VMR_100002_182,NONE,VMR_SPACE_100002,SUBSET
VMR_100002_182,NONE,MO_100001_268,MAP
VMR_100002_183,NONE,VMR_SPACE_100002,SUBSET
VMR_100002_183,NONE,MO_100001_269,MAP
VMR_100002_184,NONE,VMR_SPACE_100002,SUBSET
VMR_100002_184,NONE,MO_100001_270,MAP
VMR_100002_185,NONE,VMR_SPACE_100002,SUBSET
VMR_100002_185,NONE,MO_100001_271,MAP
VMR_100002_186,NONE,VMR_SPACE_100002,SUBSET
VMR_100002_186,NONE,MO_100001_272,MAP
VMR_100002_187,NONE,VMR_SPACE_100002,SUBSET
VMR_100002_187,NONE,MO_100001_273,MAP
VMR_100002_188,NONE,VMR_SPACE_100002,SUBSET
VMR_100002_188,NONE,MO_100001_274,MAP
VMR_100002_189,NONE,VMR_SPACE_100002,SUBSET
VMR_100002_189,NONE,MO_100001_275,MAP
VMR_100002_190,NONE,VMR_SPACE_100002,SUBSET
VMR_100002_190,NONE,MO_100001_276,MAP
VMR_100002_191,NONE,VMR_SPACE_100002,SUBSET
VMR_100002_191,NONE,MO_100001_277,MAP
VMR_100002_192,NONE,VMR_SPACE_100002,SUBSET
VMR_100002_192,NONE,MO_100001_278,MAP
VMR_100002_193,NONE,VMR_SPACE_100002,SUBSET
VMR_100002_193,NONE,MO_100001_279,MAP
VMR_100002_194,NONE,VMR_SPACE_100002,SUBSET
VMR_100002_194,NONE,MO_100001_280,MAP
VMR_100002_195,NONE,VMR_SPACE_100002,SUBSET
VMR_100002_195,NONE,MO_100001_281,MAP
VMR_100002_196,NONE,VMR_SPACE_100002,SUBSET
VMR_100002_197,NONE,VMR_SPACE_100002,SUBSET
VMR_100002_197,NONE,MO_100001_282,MAP
VMR_100002_198,NONE,VMR_SPACE_100002,SUBSET
VMR_100002_198,NONE,MO_100001_283,MAP
VMR_100002_199,NONE,VMR_SPACE_100002,SUBSET
VMR_100002_199,NONE,MO_100001_284,MAP
VMR_100002_200,NONE,VMR_SPACE_100002,SUBSET
VMR_100002_200,NONE,MO_100001_285,MAP
VMR_100002_201,NONE,VMR_SPACE_100002,SUBSET
VMR_100002_201,NONE,MO_100001_286,MAP
VMR_100002_202,NONE,VMR_SPACE_100002,SUBSET
VMR_100002_202,NONE,MO_100001_287,MAP
VMR_100002_203,NONE,VMR_SPACE_100002,SUBSET
VMR_100002_203,NONE,MO_100001_288,MAP
VMR_100002_204,NONE,VMR_SPACE_100002,SUBSET
VMR_100002_204,NONE,MO_100001_223,MAP
VMR_100002_205,NONE,VMR_SPACE_100002,SUBSET
VMR_100002_205,NONE,MO_100001_224,MAP
VMR_100002_206,NONE,VMR_SPACE_100002,SUBSET
VMR_100002_206,NONE,MO_100001_225,MAP
VMR_100002_207,NONE,VMR_SPACE_100002,SUBSET
VMR_100002_207,NONE,MO_100001_226,MAP
VMR_100002_208,NONE,VMR_SPACE_100002,SUBSET
VMR_100002_208,NONE,MO_100001_227,MAP
VMR_100002_209,NONE,VMR_SPACE_100002,SUBSET
VMR_100002_209,NONE,MO_100001_228,MAP
VMR_100002_210,NONE,VMR_SPACE_100002,SUBSET
VMR_100002_210,NONE,MO_100001_229,MAP
VMR_100002_211,NONE,VMR_SPACE_100002,SUBSET
VMR_100002_211,NONE,MO_100001_230,MAP
VMR_100002_212,NONE,VMR_SPACE_100002,SUBSET
VMR_100002_212,NONE,MO_100001_231,MAP
VMR_100002_213,NONE,VMR_SPACE_100002,SUBSET
VMR_100002_213,NONE,MO_100001_232,MAP
VMR_100002_214,NONE,VMR_SPACE_100002,SUBSET
VMR_100002_214,NONE,MO_100001_233,MAP
VMR_100002_215,NONE,VMR_SPACE_100002,SUBSET
VMR_100002_215,NONE,MO_100001_234,MAP
VMR_100002_216,NONE,VMR_SPACE_100002,SUBSET
VMR_100002_216,NONE,MO_100001_235,MAP
VMR_100002_217,NONE,VMR_SPACE_100002,SUBSET
VMR_100002_217,NONE,MO_100001_236,MAP
VMR_100002_218,NONE,VMR_SPACE_100002,SUBSET
VMR_100002_219,NONE,VMR_SPACE_100002,SUBSET
VMR_100002_219,NONE,MO_100001_237,MAP
VMR_100002_220,NONE,VMR_SPACE_100002,SUBSET
VMR_100002_220,NONE,MO_100001_238,MAP
VMR_100002_221,NONE,VMR_SPACE_100002,SUBSET
VMR_100002_221,NONE,MO_100001_239,MAP
VMR_100002_222,NONE,VMR_SPACE_100002,SUBSET
VMR_100002_222,NONE,MO_100001_240,MAP
VMR_100002_223,NONE,VMR_SPACE_100002,SUBSET
VMR_100002_223,NONE,MO_100001_241,MAP
VMR_100002_224,NONE,VMR_SPACE_100002,SUBSET
VMR_100002_224,NONE,MO_100001_242,MAP
VMR_100002_225,NONE,VMR_SPACE_100002,SUBSET
VMR_100002_225,NONE,MO_100001_243,MAP
VMR_100002_226,NONE,VMR_SPACE_100002,SUBSET
VMR_100002_226,NONE,MO_100001_141,MAP
VMR_100002_227,NONE,VMR_SPACE_100002,SUBSET
VMR_100002_227,NONE,MO_100001_84,MAP
VMR_100002_228,NONE,VMR_SPACE_100002,SUBSET
VMR_100002_228,NONE,MO_100001_81,MAP
VMR_100002_229,NONE,VMR_SPACE_100002,SUBSET
VMR_100002_229,NONE,MO_100001_82,MAP
VMR_100002_230,NONE,VMR_SPACE_100002,SUBSET
VMR_100002_230,NONE,MO_100001_83,MAP
VMR_100002_231,NONE,VMR_SPACE_100002,SUBSET
VMR_100002_231,NONE,MO_100001_197,MAP
VMR_100002_232,NONE,VMR_SPACE_100002,SUBSET
VMR_100002_232,NONE,MO_100001_198,MAP
VMR_100002_233,NONE,VMR_SPACE_100002,SUBSET
VMR_100002_233,NONE,MO_100001_199,MAP
VMR_100002_234,NONE,VMR_SPACE_100002,SUBSET
VMR_100002_234,NONE,MO_100001_200,MAP
VMR_100002_235,NONE,VMR_SPACE_100002,SUBSET
VMR_100002_235,NONE,MO_100001_201,MAP
VMR_100002_236,NONE,VMR_SPACE_100002,SUBSET
VMR_100002_236,NONE,MO_100001_202,MAP
VMR_100002_237,NONE,VMR_SPACE_100002,SUBSET
VMR_100002_237,NONE,MO_100001_203,MAP
VMR_100002_238,NONE,VMR_SPACE_100002,SUBSET
VMR_100002_238,NONE,MO_100001_204,MAP
VMR_100002_239,NONE,VMR_SPACE_100002,SUBSET
VMR_100002_239,NONE,MO_100001_205,MAP
VMR_100002_240,NONE,VMR_SPACE_100002,SUBSET
VMR_100002_240,NONE,MO_100001_206,MAP
VMR_100002_241,NONE,VMR_SPACE_100002,SUBSET
VMR_100002_241,NONE,MO_100001_207,MAP
VMR_100002_242,NONE,VMR_SPACE_100002,SUBSET
VMR_100002_242,NONE,MO_100001_208,MAP
VMR_100002_243,NONE,VMR_SPACE_100002,SUBSET
VMR_100002_243,NONE,MO_100001_209,MAP
VMR_100002_244,NONE,VMR_SPACE_100002,SUBSET
VMR_100002_244,NONE,MO_100001_210,MAP
VMR_100002_245,NONE,VMR_SPACE_100002,SUBSET
VMR_100002_245,NONE,MO_100001_211,MAP
VMR_100002_246,NONE,VMR_SPACE_100002,SUBSET
VMR_100002_246,NONE,MO_100001_168,MAP
VMR_100002_247,NONE,VMR_SPACE_100002,SUBSET
VMR_100002_247,NONE,MO_100001_169,MAP
VMR_100002_248,NONE,VMR_SPACE_100002,SUBSET
VMR_100002_248,NONE,MO_100001_170,MAP
VMR_100002_249,NONE,VMR_SPACE_100002,SUBSET
VMR_100002_249,NONE,MO_100001_171,MAP
VMR_100002_250,NONE,VMR_SPACE_100002,SUBSET
VMR_100002_250,NONE,MO_100001_172,MAP
VMR_100002_251,NONE,VMR_SPACE_100002,SUBSET
VMR_100002_251,NONE,MO_100001_85,MAP
VMR_100002_252,NONE,VMR_SPACE_100002,SUBSET
VMR_100002_252,NONE,MO_100001_86,MAP
VMR_100002_253,NONE,VMR_SPACE_100002,SUBSET
VMR_100002_253,NONE,MO_100001_87,MAP
VMR_100002_254,NONE,VMR_SPACE_100002,SUBSET
VMR_100002_254,NONE,MO_100001_88,MAP
VMR_100002_255,NONE,VMR_SPACE_100002,SUBSET
VMR_100002_255,NONE,MO_100001_89,MAP
VMR_100002_256,NONE,VMR_SPACE_100002,SUBSET
VMR_100002_256,NONE,MO_100001_90,MAP
VMR_100002_257,NONE,VMR_SPACE_100002,SUBSET
VMR_100002_257,NONE,MO_100001_91,MAP
VMR_100002_258,NONE,VMR_SPACE_100002,SUBSET
VMR_100002_258,NONE,MO_100001_92,MAP
VMR_100002_259,NONE,VMR_SPACE_100002,SUBSET
VMR_100002_259,NONE,MO_100001_93,MAP
VMR_100002_260,NONE,VMR_SPACE_100002,SUBSET
VMR_100002_261,NONE,VMR_SPACE_100002,SUBSET
VMR_100002_262,NONE,VMR_SPACE_100002,SUBSET
VMR_100002_263,NONE,VMR_SPACE_100002,SUBSET
VMR_100002_264,NONE,VMR_SPACE_100002,SUBSET
VMR_100002_265,NONE,VMR_SPACE_100002,SUBSET
VMR_100002_266,NONE,VMR_SPACE_100002,SUBSET
VMR_100002_267,NONE,VMR_SPACE_100002,SUBSET
VMR_100002_268,NONE,VMR_SPACE_100002,SUBSET
VMR_100002_269,NONE,VMR_SPACE_100002,SUBSET
VMR_100002_270,NONE,VMR_SPACE_100002,SUBSET
VMR_100002_271,NONE,VMR_SPACE_100002,SUBSET
VMR_100002_272,NONE,VMR_SPACE_100002,SUBSET
VMR_100002_273,NONE,VMR_SPACE_100002,SUBSET
VMR_100002_274,NONE,VMR_SPACE_100002,SUBSET
VMR_100002_275,NONE,VMR_SPACE_100002,SUBSET
VMR_100002_276,NONE,VMR_SPACE_100002,SUBSET
VMR_100002_277,NONE,VMR_SPACE_100002,SUBSET
VMR_100002_278,NONE,VMR_SPACE_100002,SUBSET
VMR_100002_279,NONE,VMR_SPACE_100002,SUBSET
VMR_100002_280,NONE,VMR_SPACE_100002,SUBSET
VMR_100002_281,NONE,VMR_SPACE_100002,SUBSET
VMR_100002_282,NONE,VMR_SPACE_100002,SUBSET
VMR_100002_283,NONE,VMR_SPACE_100002,SUBSET
VMR_100002_284,NONE,VMR_SPACE_100002,SUBSET
VMR_100002_285,NONE,VMR_SPACE_100002,SUBSET
VMR_100002_286,NONE,VMR_SPACE_100002,SUBSET
VMR_100002_287,NONE,VMR_SPACE_100002,SUBSET
VMR_100002_288,NONE,VMR_SPACE_100002,SUBSET
VMR_100002_289,NONE,VMR_SPACE_100002,SUBSET
VMR_100002_290,NONE,VMR_SPACE_100002,SUBSET
VMR_100002_291,NONE,VMR_SPACE_100002,SUBSET
VMR_100002_292,NONE,VMR_SPACE_100002,SUBSET
VMR_100002_292,NONE,MO_100001_65,MAP
VMR_100002_293,NONE,VMR_SPACE_100002,SUBSET
VMR_100002_293,NONE,MO_100001_66,MAP
VMR_100002_294,NONE,VMR_SPACE_100002,SUBSET
VMR_100002_294,NONE,MO_100001_67,MAP
VMR_100002_295,NONE,VMR_SPACE_100002,SUBSET
VMR_100002_295,NONE,MO_100001_68,MAP
VMR_100002_296,NONE,VMR_SPACE_100002,SUBSET
VMR_100002_296,NONE,MO_100001_69,MAP
VMR_100002_297,NONE,VMR_SPACE_100002,SUBSET
VMR_100002_297,NONE,MO_100001_70,MAP
VMR_100002_298,NONE,VMR_SPACE_100002,SUBSET
VMR_100002_298,NONE,MO_100001_71,MAP
VMR_100002_299,NONE,VMR_SPACE_100002,SUBSET
VMR_100002_299,NONE,MO_100001_72,MAP
VMR_100002_300,NONE,VMR_SPACE_100002,SUBSET
VMR_100002_300,NONE,MO_100001_73,MAP
VMR_100002_301,NONE,VMR_SPACE_100002,SUBSET
VMR_100002_301,NONE,MO_100001_74,MAP
VMR_100002_302,NONE,VMR_SPACE_100002,SUBSET
VMR_100002_302,NONE,MO_100001_75,MAP
VMR_100002_303,NONE,VMR_SPACE_100002,SUBSET
VMR_100002_303,NONE,MO_100001_76,MAP
VMR_100002_304,NONE,VMR_SPACE_100002,SUBSET
VMR_100002_304,NONE,MO_100001_77,MAP
VMR_100002_305,NONE,VMR_SPACE_100002,SUBSET
VMR_100002_305,NONE,MO_100001_78,MAP
VMR_100002_306,NONE,VMR_SPACE_100002,SUBSET
VMR_100002_306,NONE,MO_100001_79,MAP
VMR_100002_307,NONE,VMR_SPACE_100002,SUBSET
VMR_100002_307,NONE,MO_100001_80,MAP
VMR_100002_308,NONE,VMR_SPACE_100002,SUBSET
VMR_100002_309,NONE,VMR_SPACE_100002,SUBSET
VMR_100002_310,NONE,VMR_SPACE_100002,SUBSET
VMR_100002_311,NONE,VMR_SPACE_100002,SUBSET
VMR_100002_312,NONE,VMR_SPACE_100002,SUBSET
VMR_100002_313,NONE,VMR_SPACE_100002,SUBSET
VMR_100002_314,NONE,VMR_SPACE_100002,SUBSET
VMR_100002_315,NONE,VMR_SPACE_100002,SUBSET
VMR_100002_316,NONE,VMR_SPACE_100002,SUBSET
VMR_100002_317,NONE,VMR_SPACE_100002,SUBSET
VMR_100002_318,NONE,VMR_SPACE_100002,SUBSET
VMR_100002_319,NONE,VMR_SPACE_100002,SUBSET
VMR_100002_320,NONE,VMR_SPACE_100002,SUBSET
VMR_100002_321,NONE,VMR_SPACE_100002,SUBSET
VMR_100002_322,NONE,VMR_SPACE_100002,SUBSET
VMR_100002_323,NONE,VMR_SPACE_100002,SUBSET
VMR_100002_324,NONE,VMR_SPACE_100002,SUBSET
VMR_100002_325,NONE,VMR_SPACE_100002,SUBSET
VMR_100002_326,NONE,VMR_SPACE_100002,SUBSET
VMR_100002_327,NONE,VMR_SPACE_100002,SUBSET
VMR_100002_328,NONE,VMR_SPACE_100002,SUBSET
VMR_100002_329,NONE,VMR_SPACE_100002,SUBSET
VMR_100002_330,NONE,VMR_SPACE_100002,SUBSET
VMR_100002_331,NONE,VMR_SPACE_100002,SUBSET
VMR_100002_332,NONE,VMR_SPACE_100002,SUBSET
VMR_100002_333,NONE,VMR_SPACE_100002,SUBSET
VMR_100002_334,NONE,VMR_SPACE_100002,SUBSET
VMR_100002_335,NONE,VMR_SPACE_100002,SUBSET
VMR_100002_336,NONE,VMR_SPACE_100002,SUBSET
VMR_100002_337,NONE,VMR_SPACE_100002,SUBSET
VMR_100002_338,NONE,VMR_SPACE_100002,SUBSET
VMR_100002_339,NONE,VMR_SPACE_100002,SUBSET
VMR_100002_340,NONE,VMR_SPACE_100002,SUBSET
VMR_100002_341,NONE,VMR_SPACE_100002,SUBSET
VMR_100002_342,NONE,VMR_SPACE_100002,SUBSET
VMR_100002_343,NONE,VMR_SPACE_100002,SUBSET
VMR_100002_344,NONE,VMR_SPACE_100002,SUBSET
VMR_100002_345,NONE,VMR_SPACE_100002,SUBSET
VMR_100002_346,NONE,VMR_SPACE_100002,SUBSET
VMR_100002_347,NONE,VMR_SPACE_100002,SUBSET
VMR_100002_348,NONE,VMR_SPACE_100002,SUBSET
VMR_100002_349,NONE,VMR_SPACE_100002,SUBSET
VMR_100002_350,NONE,VMR_SPACE_100002,SUBSET
VMR_100002_351,NONE,VMR_SPACE_100002,SUBSET
VMR_100002_352,NONE,VMR_SPACE_100002,SUBSET
VMR_100002_353,NONE,VMR_SPACE_100002,SUBSET
VMR_100002_354,NONE,VMR_SPACE_100002,SUBSET
VMR_100002_355,NONE,VMR_SPACE_100002,SUBSET
VMR_100002_356,NONE,VMR_SPACE_100002,SUBSET
VMR_100002_357,NONE,VMR_SPACE_100002,SUBSET
VMR_100002_358,NONE,VMR_SPACE_100002,SUBSET
VMR_100002_359,NONE,VMR_SPACE_100002,SUBSET
VMR_100002_360,NONE,VMR_SPACE_100002,SUBSET
VMR_100002_361,NONE,VMR_SPACE_100002,SUBSET
VMR_100002_362,NONE,VMR_SPACE_100002,SUBSET
VMR_100002_363,NONE,VMR_SPACE_100002,SUBSET
VMR_100002_364,NONE,VMR_SPACE_100002,SUBSET
VMR_100002_365,NONE,VMR_SPACE_100002,SUBSET
VMR_100002_366,NONE,VMR_SPACE_100002,SUBSET
VMR_100002_367,NONE,VMR_SPACE_100002,SUBSET
VMR_100002_368,NONE,VMR_SPACE_100002,SUBSET
VMR_100002_369,NONE,VMR_SPACE_100002,SUBSET
VMR_100002_370,NONE,VMR_SPACE_100002,SUBSET
VMR_100002_371,NONE,VMR_SPACE_100002,SUBSET
VMR_100002_372,NONE,VMR_SPACE_100002,SUBSET
VMR_100002_373,NONE,VMR_SPACE_100002,SUBSET
VMR_100002_374,NONE,VMR_SPACE_100002,SUBSET
VMR_100002_375,NONE,VMR_SPACE_100002,SUBSET
VMR_100002_376,NONE,VMR_SPACE_100002,SUBSET
VMR_100002_377,NONE,VMR_SPACE_100002,SUBSET
VMR_100002_378,NONE,VMR_SPACE_100002,SUBSET
VMR_100002_379,NONE,VMR_SPACE_100002,SUBSET
VMR_100002_380,NONE,VMR_SPACE_100002,SUBSET
VMR_100002_381,NONE,VMR_SPACE_100002,SUBSET
VMR_100002_382,NONE,VMR_SPACE_100002,SUBSET
VMR_100002_383,NONE,VMR_SPACE_100002,SUBSET
VMR_100002_384,NONE,VMR_SPACE_100002,SUBSET
VMR_100002_385,NONE,VMR_SPACE_100002,SUBSET
VMR_100002_386,NONE,VMR_SPACE_100002,SUBSET
VMR_100002_387,NONE,VMR_SPACE_100002,SUBSET
VMR_100002_388,NONE,VMR_SPACE_100002,SUBSET
VMR_100002_388,NONE,MO_100001_94,MAP
VMR_100002_389,NONE,VMR_SPACE_100002,SUBSET
VMR_100002_389,NONE,MO_100001_50,MAP
VMR_100002_390,NONE,VMR_SPACE_100002,SUBSET
VMR_100002_390,NONE,MO_100001_51,MAP
VMR_100002_391,NONE,VMR_SPACE_100002,SUBSET
VMR_100002_391,NONE,MO_100001_52,MAP
VMR_100002_392,NONE,VMR_SPACE_100002,SUBSET
VMR_100002_392,NONE,MO_100001_53,MAP
VMR_100002_393,NONE,VMR_SPACE_100002,SUBSET
VMR_100002_393,NONE,MO_100001_54,MAP
VMR_100002_394,NONE,VMR_SPACE_100002,SUBSET
VMR_100002_394,NONE,MO_100001_55,MAP
VMR_100002_395,NONE,VMR_SPACE_100002,SUBSET
VMR_100002_395,NONE,MO_100001_56,MAP
VMR_100002_396,NONE,VMR_SPACE_100002,SUBSET
VMR_100002_396,NONE,MO_100001_57,MAP
VMR_100002_397,NONE,VMR_SPACE_100002,SUBSET
VMR_100002_397,NONE,MO_100001_58,MAP
VMR_100002_398,NONE,VMR_SPACE_100002,SUBSET
VMR_100002_398,NONE,MO_100001_59,MAP
VMR_100002_399,NONE,VMR_SPACE_100002,SUBSET
VMR_100002_399,NONE,MO_100001_60,MAP
VMR_100002_400,NONE,VMR_SPACE_100002,SUBSET
VMR_100002_400,NONE,MO_100001_61,MAP
VMR_100002_401,NONE,VMR_SPACE_100002,SUBSET
VMR_100002_401,NONE,MO_100001_62,MAP
VMR_100002_402,NONE,VMR_SPACE_100002,SUBSET
VMR_100002_402,NONE,MO_100001_63,MAP
VMR_100002_403,NONE,VMR_SPACE_100002,SUBSET
VMR_100002_403,NONE,MO_100001_64,MAP
VMR_100002_404,NONE,VMR_SPACE_100002,SUBSET
VMR_100002_405,NONE,VMR_SPACE_100002,SUBSET
VMR_100002_406,NONE,VMR_SPACE_100002,SUBSET
VMR_100002_407,NONE,VMR_SPACE_100002,SUBSET
VMR_100002_408,NONE,VMR_SPACE_100002,SUBSET
VMR_100002_409,NONE,VMR_SPACE_100002,SUBSET
VMR_100002_410,NONE,VMR_SPACE_100002,SUBSET
VMR_100002_411,NONE,VMR_SPACE_100002,SUBSET
VMR_100002_412,NONE,VMR_SPACE_100002,SUBSET
VMR_100002_413,NONE,VMR_SPACE_100002,SUBSET
VMR_100002_414,NONE,VMR_SPACE_100002,SUBSET
VMR_100002_415,NONE,VMR_SPACE_100002,SUBSET
VMR_100002_416,NONE,VMR_SPACE_100002,SUBSET
VMR_100002_417,NONE,VMR_SPACE_100002,SUBSET
VMR_100002_418,NONE,VMR_SPACE_100002,SUBSET
VMR_100002_419,NONE,VMR_SPACE_100002,SUBSET
VMR_100002_420,NONE,VMR_SPACE_100002,SUBSET
VMR_100002_421,NONE,VMR_SPACE_100002,SUBSET
VMR_100002_422,NONE,VMR_SPACE_100002,SUBSET
VMR_100002_423,NONE,VMR_SPACE_100002,SUBSET
VMR_100002_424,NONE,VMR_SPACE_100002,SUBSET
VMR_100002_425,NONE,VMR_SPACE_100002,SUBSET
VMR_100002_426,NONE,VMR_SPACE_100002,SUBSET
VMR_100002_427,NONE,VMR_SPACE_100002,SUBSET
VMR_100002_428,NONE,VMR_SPACE_100002,SUBSET
VMR_100002_429,NONE,VMR_SPACE_100002,SUBSET
VMR_100002_430,NONE,VMR_SPACE_100002,SUBSET
VMR_100002_431,NONE,VMR_SPACE_100002,SUBSET
VMR_100002_432,NONE,VMR_SPACE_100002,SUBSET
VMR_100002_433,NONE,VMR_SPACE_100002,SUBSET
VMR_100002_434,NONE,VMR_SPACE_100002,SUBSET
VMR_100002_435,NONE,VMR_SPACE_100002,SUBSET
VMR_100002_436,NONE,VMR_SPACE_100002,SUBSET
VMR_100002_437,NONE,VMR_SPACE_100002,SUBSET
VMR_100002_438,NONE,VMR_SPACE_100002,SUBSET
VMR_100002_439,NONE,VMR_SPACE_100002,SUBSET
VMR_100002_440,NONE,VMR_SPACE_100002,SUBSET
VMR_100002_441,NONE,VMR_SPACE_100002,SUBSET
VMR_100002_442,NONE,VMR_SPACE_100002,SUBSET
VMR_100002_443,NONE,VMR_SPACE_100002,SUBSET
VMR_100002_444,NONE,VMR_SPACE_100002,SUBSET
VMR_100002_445,NONE,VMR_SPACE_100002,SUBSET
VMR_100002_446,NONE,VMR_SPACE_100002,SUBSET
VMR_100002_447,NONE,VMR_SPACE_100002,SUBSET
VMR_100002_448,NONE,VMR_SPACE_100002,SUBSET
VMR_100002_449,NONE,VMR_SPACE_100002,SUBSET
VMR_100002_450,NONE,VMR_SPACE_100002,SUBSET
VMR_100002_451,NONE,VMR_SPACE_100002,SUBSET
VMR_100002_452,NONE,VMR_SPACE_100002,SUBSET
VMR_100002_453,NONE,VMR_SPACE_100002,SUBSET
VMR_100002_454,NONE,VMR_SPACE_100002,SUBSET
VMR_100002_455,NONE,VMR_SPACE_100002,SUBSET
VMR_100002_455,NONE,MO_100001_17,MAP
VMR_100002_456,NONE,VMR_SPACE_100002,SUBSET
VMR_100002_456,NONE,MO_100001_18,MAP
VMR_100002_457,NONE,VMR_SPACE_100002,SUBSET
VMR_100002_457,NONE,MO_100001_19,MAP
VMR_100002_458,NONE,VMR_SPACE_100002,SUBSET
VMR_100002_458,NONE,MO_100001_14,MAP
VMR_100002_459,NONE,VMR_SPACE_100002,SUBSET
VMR_100002_459,NONE,MO_100001_20,MAP
VMR_100002_460,NONE,VMR_SPACE_100002,SUBSET
VMR_100002_460,NONE,MO_100001_13,MAP
VMR_100002_461,NONE,VMR_SPACE_100002,SUBSET
VMR_100002_461,NONE,MO_100001_25,MAP
VMR_100002_462,NONE,VMR_SPACE_100002,SUBSET
VMR_100002_463,NONE,VMR_SPACE_100002,SUBSET
VMR_100002_464,NONE,VMR_SPACE_100002,SUBSET
VMR_100002_465,NONE,VMR_SPACE_100002,SUBSET
VMR_100002_465,NONE,MO_100001_24,MAP
VMR_100002_466,NONE,VMR_SPACE_100002,SUBSET
VMR_100002_466,NONE,MO_100001_21,MAP
VMR_100002_467,NONE,VMR_SPACE_100002,SUBSET
VMR_100002_467,NONE,MO_100001_23,MAP
VMR_100002_468,NONE,VMR_SPACE_100002,SUBSET
VMR_100002_469,NONE,VMR_SPACE_100002,SUBSET
VMR_100002_470,NONE,VMR_SPACE_100002,SUBSET
VMR_100002_471,NONE,VMR_SPACE_100002,SUBSET
VMR_100002_472,NONE,VMR_SPACE_100002,SUBSET
VMR_100002_473,NONE,VMR_SPACE_100002,SUBSET
VMR_100002_473,NONE,MO_100001_22,MAP
VMR_100002_474,NONE,VMR_SPACE_100002,SUBSET
VMR_100002_474,NONE,MO_100001_12,MAP
VMR_100002_475,NONE,VMR_SPACE_100002,SUBSET
VMR_100002_475,NONE,MO_100001_15,MAP
VMR_100002_476,NONE,VMR_SPACE_100002,SUBSET
VMR_100002_476,NONE,MO_100001_139,MAP
VMR_100002_477,NONE,VMR_SPACE_100002,SUBSET
VMR_100002_477,NONE,MO_100001_138,MAP
VMR_100002_478,NONE,VMR_SPACE_100002,SUBSET
VMR_100002_478,NONE,MO_100001_137,MAP
VMR_100002_479,NONE,VMR_SPACE_100002,SUBSET
VMR_100002_479,NONE,MO_100001_136,MAP
VMR_100002_480,NONE,VMR_SPACE_100002,SUBSET
VMR_100002_480,NONE,MO_100001_135,MAP
VMR_100002_481,NONE,VMR_SPACE_100002,SUBSET
VMR_100002_481,NONE,MO_100001_134,MAP
VMR_100002_482,NONE,VMR_SPACE_100002,SUBSET
VMR_100002_482,NONE,MO_100001_133,MAP
VMR_100002_483,NONE,VMR_SPACE_100002,SUBSET
VMR_100002_483,NONE,MO_100001_132,MAP
VMR_100002_484,NONE,VMR_SPACE_100002,SUBSET
VMR_100002_484,NONE,MO_100001_131,MAP
VMR_100002_485,NONE,VMR_SPACE_100002,SUBSET
VMR_100002_485,NONE,MO_100001_130,MAP
VMR_100002_486,NONE,VMR_SPACE_100002,SUBSET
VMR_100002_486,NONE,MO_100001_129,MAP
VMR_100002_487,NONE,VMR_SPACE_100002,SUBSET
VMR_100002_487,NONE,MO_100001_128,MAP
VMR_100002_488,NONE,VMR_SPACE_100002,SUBSET
VMR_100002_488,NONE,MO_100001_113,MAP
VMR_100002_489,NONE,VMR_SPACE_100002,SUBSET
VMR_100002_489,NONE,MO_100001_112,MAP
VMR_100002_490,NONE,VMR_SPACE_100002,SUBSET
VMR_100002_490,NONE,MO_100001_111,MAP
VMR_100002_491,NONE,VMR_SPACE_100002,SUBSET
VMR_100002_491,NONE,MO_100001_110,MAP
VMR_100002_492,NONE,VMR_SPACE_100002,SUBSET
VMR_100002_492,NONE,MO_100001_109,MAP
VMR_100002_493,NONE,VMR_SPACE_100002,SUBSET
VMR_100002_493,NONE,MO_100001_108,MAP
VMR_100002_494,NONE,VMR_SPACE_100002,SUBSET
VMR_100002_494,NONE,MO_100001_107,MAP
VMR_100002_495,NONE,VMR_SPACE_100002,SUBSET
VMR_100002_495,NONE,MO_100001_106,MAP
VMR_100002_496,NONE,VMR_SPACE_100002,SUBSET
VMR_100002_496,NONE,MO_100001_105,MAP
VMR_100002_497,NONE,VMR_SPACE_100002,SUBSET
VMR_100002_497,NONE,MO_100001_104,MAP
VMR_100002_498,NONE,VMR_SPACE_100002,SUBSET
VMR_100002_498,NONE,MO_100001_103,MAP
VMR_100002_499,NONE,VMR_SPACE_100002,SUBSET
VMR_100002_499,NONE,MO_100001_102,MAP
VMR_100002_500,NONE,VMR_SPACE_100002,SUBSET
VMR_100002_500,NONE,MO_100001_101,MAP
VMR_100002_501,NONE,VMR_SPACE_100002,SUBSET
VMR_100002_501,NONE,MO_100001_100,MAP
VMR_100002_502,NONE,VMR_SPACE_100002,SUBSET
VMR_100002_502,NONE,MO_100001_99,MAP
VMR_100002_503,NONE,VMR_SPACE_100002,SUBSET
VMR_100002_503,NONE,MO_100001_98,MAP
VMR_100002_504,NONE,VMR_SPACE_100002,SUBSET
VMR_100002_504,NONE,MO_100001_97,MAP
VMR_100002_505,NONE,VMR_SPACE_100002,SUBSET
VMR_100002_505,NONE,MO_100001_96,MAP
VMR_100002_506,NONE,VMR_SPACE_100002,SUBSET
VMR_100002_506,NONE,MO_100001_95,MAP
VMR_100002_507,NONE,VMR_SPACE_100002,SUBSET
VMR_100002_507,NONE,MO_100001_127,MAP
VMR_100002_508,NONE,VMR_SPACE_100002,SUBSET
VMR_100002_508,NONE,MO_100001_126,MAP
VMR_100002_509,NONE,VMR_SPACE_100002,SUBSET
VMR_100002_509,NONE,MO_100001_125,MAP
VMR_100002_510,NONE,VMR_SPACE_100002,SUBSET
VMR_100002_510,NONE,MO_100001_124,MAP
VMR_100002_511,NONE,VMR_SPACE_100002,SUBSET
VMR_100002_511,NONE,MO_100001_123,MAP
VMR_100002_512,NONE,VMR_SPACE_100002,SUBSET
VMR_100002_512,NONE,MO_100001_122,MAP
VMR_100002_513,NONE,VMR_SPACE_100002,SUBSET
VMR_100002_513,NONE,MO_100001_121,MAP
VMR_100002_514,NONE,VMR_SPACE_100002,SUBSET
VMR_100002_514,NONE,MO_100001_120,MAP
VMR_100002_515,NONE,VMR_SPACE_100002,SUBSET
VMR_100002_515,NONE,MO_100001_119,MAP
VMR_100002_516,NONE,VMR_SPACE_100002,SUBSET
VMR_100002_516,NONE,MO_100001_118,MAP
VMR_100002_517,NONE,VMR_SPACE_100002,SUBSET
VMR_100002_517,NONE,MO_100001_117,MAP
VMR_100002_518,NONE,VMR_SPACE_100002,SUBSET
VMR_100002_518,NONE,MO_100001_116,MAP
VMR_100002_519,NONE,VMR_SPACE_100002,SUBSET
VMR_100002_519,NONE,MO_100001_115,MAP
VMR_100002_520,NONE,VMR_SPACE_100002,SUBSET
VMR_100002_520,NONE,MO_100001_9,MAP
VMR_100002_521,NONE,VMR_SPACE_100002,SUBSET
VMR_100002_521,NONE,MO_100001_8,MAP
VMR_100002_522,NONE,VMR_SPACE_100002,SUBSET
VMR_100002_522,NONE,MO_100001_7,MAP
VMR_100002_523,NONE,VMR_SPACE_100002,SUBSET
VMR_100002_523,NONE,MO_100001_6,MAP
VMR_100002_524,NONE,VMR_SPACE_100002,SUBSET
VMR_100002_525,NONE,VMR_SPACE_100002,SUBSET
VMR_100002_526,NONE,VMR_SPACE_100002,SUBSET
VMR_100002_527,NONE,VMR_SPACE_100002,SUBSET
VMR_100002_528,NONE,VMR_SPACE_100002,SUBSET
VMR_100002_529,NONE,VMR_SPACE_100002,SUBSET
VMR_100002_530,NONE,VMR_SPACE_100002,SUBSET
VMR_100002_531,NONE,VMR_SPACE_100002,SUBSET
VMR_100002_532,NONE,VMR_SPACE_100002,SUBSET
VMR_100002_533,NONE,VMR_SPACE_100002,SUBSET
VMR_100002_534,NONE,VMR_SPACE_100002,SUBSET
VMR_100002_535,NONE,VMR_SPACE_100002,SUBSET
VMR_100002_536,NONE,VMR_SPACE_100002,SUBSET
VMR_100002_537,NONE,VMR_SPACE_100002,SUBSET
VMR_100002_538,NONE,VMR_SPACE_100002,SUBSET
VMR_100002_539,NONE,VMR_SPACE_100002,SUBSET
VMR_100002_540,NONE,VMR_SPACE_100002,SUBSET
VMR_100002_541,NONE,VMR_SPACE_100002,SUBSET
VMR_100002_542,NONE,VMR_SPACE_100002,SUBSET
VMR_100002_543,NONE,VMR_SPACE_100002,SUBSET
VMR_100002_544,NONE,VMR_SPACE_100002,SUBSET
VMR_100002_545,NONE,VMR_SPACE_100002,SUBSET
VMR_100002_546,NONE,VMR_SPACE_100002,SUBSET
VMR_100002_547,NONE,VMR_SPACE_100002,SUBSET
VMR_100002_548,NONE,VMR_SPACE_100002,SUBSET
VMR_100002_549,NONE,VMR_SPACE_100002,SUBSET
VMR_100002_550,NONE,VMR_SPACE_100002,SUBSET
VMR_100002_551,NONE,VMR_SPACE_100002,SUBSET
VMR_100002_552,NONE,VMR_SPACE_100002,SUBSET
VMR_100002_553,NONE,VMR_SPACE_100002,SUBSET
VMR_100002_554,NONE,VMR_SPACE_100002,SUBSET
VMR_100002_555,NONE,VMR_SPACE_100002,SUBSET
VMR_100002_555,NONE,MO_100001_11,MAP
VMR_100002_556,NONE,VMR_SPACE_100002,SUBSET
VMR_100002_556,NONE,MO_100001_1,MAP
VMR_100002_557,NONE,VMR_SPACE_100002,SUBSET
VMR_100002_558,NONE,VMR_SPACE_100002,SUBSET
VMR_100002_559,NONE,VMR_SPACE_100002,SUBSET
VMR_100002_560,NONE,VMR_SPACE_100002,SUBSET
VMR_100002_561,NONE,VMR_SPACE_100002,SUBSET
VMR_100002_561,NONE,MO_100001_114,MAP
VMR_100002_562,NONE,VMR_SPACE_100002,SUBSET
